Track,Artist,Release Date,Spotify Streams,Spotify Popularity,YouTube Views,TikTok Views,danceability,energy,valence,tempo,loudness,acousticness,speechiness,instrumentalness,liveness,track_genre,explicit,popularity,year
As It Was,Harry Styles,3/31/2022,3301814535.0,87.0,"800,899,315","15,405,881,843",0.52,0.731,0.662,173.93,-5.338,0.342,0.0557,0.00101,0.311,pop,False,95,2022
Baby Shark,Pinkfong,12/1/2015,720822868.0,71.0,"16,322,756,555","6,577,639,193",0.829,0.886,0.777,115.056,-1.746,0.259,0.112,0.0,0.0559,children,False,77,2015
Shape of You,Ed Sheeran,1/6/2017,3909458734.0,80.0,"8,013,997,219","2,320,856,331",0.825,0.652,0.931,95.977,-3.183,0.581,0.0802,0.0,0.0931,pop,False,86,2017
Blinding Lights,The Weeknd,11/29/2019,4281468720.0,83.0,"833,807,130","3,501,177,394",0.514,0.73,0.334,171.005,-5.934,0.00146,0.0598,9.54e-05,0.0897,pop,False,91,2019
Heat Waves,Glass Animals,6/29/2020,2996181078.0,82.0,"1,272,898,075","5,518,429,969",0.761,0.525,0.531,80.87,-6.9,0.44,0.0944,6.7e-06,0.0921,indie-pop,False,85,2020
In the End,Linkin Park,4/12/2024,2045512421.0,,,,0.556,0.864,0.4,105.143,-5.87,0.00958,0.0584,0.0,0.209,alternative,False,85,2024
Old Town Road,Lil Nas X,3/14/2019,1010494713.0,67.0,"3,203,314,695","1,981,431,049",0.907,0.53,0.507,135.998,-6.112,0.0578,0.127,2.23e-06,0.101,hip-hop,False,77,2019
Perfect,Ed Sheeran,3/3/2017,2969999682.0,81.0,"6,473,698,897","7,647,479,866",0.599,0.448,0.168,95.05,-6.312,0.163,0.0232,0.0,0.106,pop,False,87,2017
Pepas,Farruko,6/24/2021,1500499584.0,74.0,"1,431,591,689","4,067,248,819",0.762,0.766,0.442,130.001,-3.955,0.00776,0.0343,6.98e-05,0.128,latin,True,86,2021
Easy On Me,Adele,10/14/2021,1720918065.0,73.0,"1,194,846,205","7,860,224,413",0.604,0.366,0.13,141.981,-7.519,0.578,0.0282,0.0,0.133,british,False,85,2021
Believer,Imagine Dragons,1/31/2017,3006226762.0,81.0,"4,495,059,988","5,876,458,723",0.776,0.78,0.666,124.949,-4.374,0.0622,0.128,0.0,0.081,rock,False,88,2017
First Class,Jack Harlow,4/8/2022,818858244.0,71.0,"231,229,581","6,890,780,336",0.905,0.563,0.324,106.998,-6.135,0.0254,0.102,9.71e-06,0.113,hip-hop,True,1,2022
I Ain't Worried,OneRepublic,5/13/2022,1607421145.0,83.0,"409,785,349","1,825,552,705",0.704,0.797,0.825,139.994,-5.927,0.0826,0.0475,0.000745,0.0546,piano,False,96,2022
Dynamite,BTS,8/21/2020,1872577908.0,74.0,"2,638,957,320","5,063,720,138",0.746,0.765,0.737,114.044,-4.41,0.0112,0.0993,0.0,0.0936,k-pop,False,85,2020
Someone You Loved,Lewis Capaldi,11/8/2018,3427498835.0,82.0,"2,153,701,892","2,161,032,034",0.501,0.405,0.446,109.891,-5.679,0.751,0.0319,0.0,0.105,pop,False,87,2018
La Bachata,Manuel Turizo,5/26/2022,1721045197.0,81.0,"798,827,877","2,596,777,974",0.835,0.679,0.85,124.98,-5.329,0.583,0.0364,1.98e-06,0.218,latin,False,98,2022
Don't Start Now,Dua Lipa,10/31/2019,2607121959.0,78.0,"1,201,600,884","3,535,661,993",0.793,0.793,0.679,123.95,-4.521,0.0123,0.083,0.0,0.0951,dance,False,81,2019
PROVENZA,KAROL G,4/22/2022,1185929926.0,76.0,"1,229,843,060","2,829,294,043",0.87,0.516,0.53,111.005,-8.006,0.656,0.0541,0.00823,0.11,reggae,False,0,2022
Bad Habits,Ed Sheeran,1/1/2020,1754311538.0,74.0,"958,790,883","2,658,904,267",0.807,0.893,0.537,126.011,-3.745,0.0451,0.0347,2.79e-05,0.366,pop,False,88,2020
good 4 u,Olivia Rodrigo,5/14/2021,2167768056.0,79.0,"773,591,065","8,186,754,429",0.563,0.664,0.688,166.928,-5.044,0.335,0.154,0.0,0.0849,pop,True,88,2021
bad guy,Billie Eilish,3/29/2019,2516804300.0,76.0,"1,779,243,626","1,409,756,969",0.701,0.425,0.562,135.128,-10.965,0.328,0.375,0.13,0.1,electro,False,84,2019
About Damn Time,Lizzo,4/14/2022,847025688.0,66.0,"106,024,874","15,665,483,220",0.836,0.743,0.722,108.966,-6.305,0.0995,0.0656,0.0,0.335,hip-hop,True,89,2022
Bones,Imagine Dragons,3/11/2022,1227475431.0,78.0,"584,854,654","2,255,843,288",0.773,0.742,0.571,114.071,-3.678,0.0206,0.046,0.0,0.0754,rock,False,89,2022
golden hour,JVKE,7/15/2022,1126986320.0,73.0,"293,553,015","2,305,840,359",0.515,0.593,0.153,94.467,-4.801,0.653,0.0322,0.162,0.25,indie-pop,False,81,2022
Memories,Maroon 5,9/20/2019,2011072164.0,77.0,"1,290,292,327","1,458,416,059",0.775,0.327,0.595,91.05,-7.241,0.841,0.0557,0.0,0.0821,pop,False,85,2019
Without Me,Halsey,10/4/2018,2042792456.0,75.0,"2,018,089,906","2,216,715,741",0.752,0.488,0.533,136.041,-7.05,0.297,0.0705,9.11e-06,0.0936,dance,True,78,2018
Thunder,Imagine Dragons,4/27/2017,2384768901.0,79.0,"2,707,166,590","906,537,912",0.605,0.822,0.288,167.997,-4.833,0.00671,0.0438,0.134,0.147,rock,False,85,2017
abcdefu,GAYLE,8/13/2021,1128273165.0,70.0,"499,895,662","12,414,681,151",0.695,0.54,0.415,121.932,-5.692,0.299,0.0493,0.0,0.367,alternative,True,86,2021
MONEY,LISA,9/10/2021,1189335848.0,73.0,"1,323,718,887","12,516,703,531",0.826,0.553,0.4,140.037,-10.121,0.163,0.234,4.12e-05,0.135,k-pop,False,78,2021
Woman,Doja Cat,6/25/2021,1606950381.0,78.0,"641,326,002","5,944,657,895",0.824,0.764,0.881,107.998,-4.175,0.0888,0.0854,0.00294,0.117,dance,True,88,2021
How You Like That,BLACKPINK,6/25/2020,1033109188.0,68.0,"1,584,676,582","7,988,463,856",0.813,0.787,0.326,130.018,-4.254,0.0452,0.0777,0.000107,0.0506,k-pop,False,75,2020
drivers license,Olivia Rodrigo,1/8/2021,2184754018.0,79.0,"984,811,734","3,781,894,216",0.561,0.431,0.137,143.875,-8.81,0.768,0.0578,1.42e-05,0.106,pop,True,88,2021
MONTERO (Call Me By Your Name),Lil Nas X,3/26/2021,1902241314.0,70.0,"274,582,854","7,655,286,423",0.593,0.503,0.71,178.781,-6.725,0.293,0.22,0.0,0.405,hip-hop,True,83,2021
Glimpse of Us,Joji,6/10/2022,1262308912.0,74.0,"66,246,839","8,988,453,878",0.44,0.317,0.268,169.914,-9.258,0.891,0.0531,4.78e-06,0.141,pop,False,94,2022
Watermelon Sugar,Harry Styles,11/17/2019,2708151499.0,82.0,"872,052,223","2,738,127,473",0.548,0.816,0.557,95.39,-4.209,0.122,0.0465,0.0,0.335,pop,False,89,2019
THATS WHAT I WANT,Lil Nas X,9/17/2021,1062095453.0,72.0,"194,928,107","3,501,946,982",0.737,0.846,0.546,87.981,-4.51,0.00614,0.22,0.0,0.0486,hip-hop,True,87,2021
Todo De Ti,Rauw Alejandro,5/20/2021,1339352060.0,75.0,"873,449,363","4,445,597,088",0.78,0.718,0.342,127.949,-3.605,0.31,0.0506,0.000163,0.0932,latino,True,82,2021
Sorry,Justin Bieber,10/23/2015,2089476497.0,78.0,"4,467,507,940","376,376,728",0.679,0.748,0.438,100.035,-3.624,0.0878,0.0385,0.0,0.299,pop,False,0,2015
Pink Venom,BLACKPINK,8/19/2022,736469450.0,68.0,"868,589,823","5,828,265,172",0.794,0.719,0.69,90.016,-7.227,0.0119,0.0761,0.0,0.276,k-pop,False,85,2022
Moscow Mule,Bad Bunny,5/6/2022,1108031580.0,77.0,"765,780,154","940,630,746",0.804,0.674,0.292,99.968,-5.453,0.294,0.0333,1.18e-06,0.115,latin,True,94,2022
7 rings,Ariana Grande,1/18/2019,2262490403.0,77.0,"1,903,198,886","2,620,954,252",0.778,0.317,0.327,140.048,-10.732,0.592,0.334,0.0,0.0881,dance,True,84,2019
God's Plan,Drake,1/20/2018,2529948475.0,77.0,"2,040,639,375","634,177,218",0.754,0.449,0.357,77.169,-9.211,0.0332,0.109,8.29e-05,0.552,hip-hop,True,84,2018
Ghost,Justin Bieber,3/19/2021,1586830204.0,80.0,"476,319,277","1,180,485,094",0.601,0.741,0.441,153.96,-5.569,0.185,0.0478,2.91e-05,0.415,pop,False,88,2021
SAD!,XXXTENTACION,3/2/2018,2218531106.0,75.0,"1,800,863,873","435,340,082",0.74,0.613,0.473,75.023,-4.88,0.258,0.145,0.00372,0.123,emo,True,83,2018
Efecto,Bad Bunny,5/6/2022,1293773697.0,77.0,"501,908,214","6,046,489,956",0.801,0.475,0.234,98.047,-8.797,0.141,0.0516,1.73e-05,0.0639,latin,False,96,2022
Yonaguni,Bad Bunny,6/4/2021,1398634184.0,71.0,"1,084,871,745","2,877,719,483",0.644,0.648,0.44,179.951,-4.601,0.276,0.118,0.0,0.135,latino,True,87,2021
Heathens,Twenty One Pilots,6/16/2016,1777196966.0,78.0,"2,624,180,055","1,024,805,500",0.732,0.396,0.548,90.024,-9.348,0.0841,0.0286,3.58e-05,0.105,rock,False,81,2016
Butter,BTS,5/21/2021,1257974135.0,70.0,"1,175,755,478","8,120,632,702",0.759,0.459,0.695,109.997,-5.187,0.00323,0.0948,0.0,0.0788,k-pop,False,83,2021
Say So,Doja Cat,11/7/2019,1199270601.0,69.0,"879,051,516","5,494,376,938",0.787,0.673,0.779,110.962,-4.583,0.264,0.159,3.35e-06,0.0904,dance,True,79,2019
Shivers,Ed Sheeran,1/1/2020,1568058093.0,77.0,"683,237,554","1,292,107,474",0.788,0.859,0.822,141.02,-2.724,0.281,0.0856,0.0,0.0424,pop,False,0,2020
Until I Found You,Stephen Sanchez,9/1/2021,1020452066.0,73.0,"385,820,349","3,320,885,451",0.539,0.508,0.227,101.358,-6.05,0.727,0.0288,0.0,0.174,pop,False,90,2021
Need To Know,Doja Cat,6/11/2021,1178076856.0,71.0,"507,790,705","2,422,643,413",0.664,0.609,0.194,130.041,-6.509,0.304,0.0707,0.0,0.0926,dance,True,84,2021
Last Last,Burna Boy,5/12/2022,410722289.0,68.0,"332,556,651","1,049,244,970",0.795,0.565,0.55,87.925,-4.457,0.131,0.0948,0.0,0.0802,dance,False,4,2022
BILLIE EILISH.,Armani White,5/19/2022,359416593.0,64.0,"116,400,996","10,488,403,602",0.9,0.509,0.765,100.007,-6.647,0.115,0.257,1.67e-06,0.0937,hip-hop,True,89,2022
deja vu,Olivia Rodrigo,4/1/2021,1606975517.0,80.0,"638,102,695","3,758,269,019",0.442,0.612,0.178,180.917,-7.222,0.584,0.112,5.7e-06,0.37,pop,True,87,2021
Kill This Love,BLACKPINK,4/4/2019,820840650.0,67.0,"2,920,436,498","1,616,215,054",0.738,0.861,0.58,131.98,-4.141,0.318,0.237,0.00182,0.325,k-pop,False,71,2019
Sweet but Psycho,Ava Max,8/17/2018,1668741024.0,76.0,"1,254,501,233","2,733,847,243",0.72,0.706,0.62,133.002,-4.719,0.0684,0.0473,0.0,0.166,dance,False,81,2018
Falling,Trevor Daniel,10/5/2018,1606023895.0,71.0,"1,151,842,584","8,742,744,684",0.785,0.431,0.236,127.085,-8.756,0.123,0.0364,0.0,0.0887,pop,False,79,2018
positions,Ariana Grande,10/23/2020,1432830108.0,74.0,"778,340,255","1,984,520,688",0.737,0.802,0.682,144.015,-4.771,0.468,0.0878,0.0,0.0931,dance,True,85,2020
Save Your Tears,The Weeknd,3/20/2020,1995511952.0,80.0,"365,257,705","1,154,403,769",0.68,0.826,0.644,118.051,-5.487,0.0212,0.0309,1.24e-05,0.543,pop,True,89,2020
Happier Than Ever,Billie Eilish,7/30/2021,1321878145.0,78.0,"530,778,926","2,295,813,182",0.314,0.238,0.303,72.535,-8.802,0.741,0.0389,0.00193,0.128,pop,False,0,2021
"Let It Go - From ""Frozen""/Soundtrack Version",Idina Menzel,1/1/2013,759374819.0,69.0,"4,168,791,151","966,469,545",0.543,0.485,0.371,136.961,-6.85,0.558,0.0305,0.0,0.12,show-tunes,False,75,2013
Moonlight,XXXTENTACION,3/16/2018,1885431727.0,77.0,"1,607,650,475","300,772,720",0.921,0.537,0.711,128.009,-5.723,0.556,0.0804,0.00404,0.102,emo,True,83,2018
That's What I Like,Bruno Mars,11/17/2016,2075459887.0,80.0,"2,696,139,998","704,916,578",0.853,0.56,0.86,134.066,-4.961,0.013,0.0406,0.0,0.0944,dance,False,83,2016
Ride It,Regard,7/26/2019,1349427877.0,76.0,"564,022,753","5,118,900,832",0.88,0.751,0.884,117.948,-4.258,0.177,0.0874,6.43e-05,0.106,edm,False,81,2019
BICHOTA,KAROL G,10/23/2020,868091483.0,64.0,"1,591,945,481","1,153,849,236",0.863,0.666,0.838,163.908,-4.158,0.212,0.152,0.000493,0.103,reggae,True,0,2020
The Hills,The Weeknd,5/27/2015,2306740926.0,80.0,"2,404,495,013","1,174,129,136",0.565,0.551,0.125,112.98,-7.007,0.0845,0.0687,0.0,0.139,pop,True,3,2015
STAR WALKIN' (League of Legends Worlds Anthem),Lil Nas X,9/22/2022,428164381.0,68.0,"138,760,138","419,346,148",0.637,0.715,0.308,141.872,-4.971,0.148,0.0455,0.0,0.0892,hip-hop,True,90,2022
Envolver,Anitta,11/11/2021,635241142.0,65.0,"836,072,339","9,427,647,770",0.813,0.733,0.397,91.988,-5.417,0.15,0.0847,0.00186,0.0909,funk,False,0,2021
you broke me first,Tate McRae,4/17/2020,1439465700.0,77.0,"706,284,693","1,383,885,042",0.667,0.373,0.0823,124.148,-9.389,0.785,0.05,0.0,0.0906,pop,True,84,2020
Faint,Linkin Park,4/12/2024,670009914.0,,,,0.554,0.978,0.594,135.095,-3.554,0.111,0.131,0.0,0.0731,alternative,False,77,2024
Cradles,Sub Urban,1/4/2019,737097685.0,68.0,"1,098,942,075","8,841,517,566",0.537,0.586,0.624,79.056,-1.864,0.265,0.314,7.04e-05,0.175,indie-pop,False,76,2019
Under The Influence,Chris Brown,10/4/2019,1249760413.0,79.0,"699,931,779","2,436,202,278",0.733,0.69,0.31,116.992,-5.529,0.0635,0.0427,1.18e-06,0.105,dance,True,96,2019
Life Goes On,Oliver Tree,7/17/2020,568230113.0,68.0,"531,872,316","11,938,256,726",0.7,0.49,0.569,79.982,-5.187,0.186,0.076,0.0,0.117,alternative,False,79,2020
Rock and A Hard Place,Bailey Zimmerman,6/10/2022,412845771.0,73.0,"215,094,924","777,869,891",0.582,0.568,0.394,121.991,-7.3,0.577,0.0275,0.0,0.105,country,False,0,2022
DDU-DU DDU-DU,BLACKPINK,6/15/2018,701726499.0,65.0,"3,435,321,800","683,794,564",0.671,0.859,0.39,139.931,-3.922,0.0313,0.0833,0.0,0.267,k-pop,False,71,2018
Wake Me Up,Avicii,1/1/2013,2325017580.0,81.0,"3,214,634,614","360,378,218",0.532,0.783,0.643,124.08,-5.697,0.0038,0.0523,0.0012,0.161,dance,False,85,2013
Kings & Queens,Ava Max,3/12/2020,955439608.0,73.0,"627,987,518","2,036,664,297",0.637,0.69,0.457,129.857,-4.057,0.00786,0.0405,0.0,0.124,dance,False,81,2020
HIGHEST IN THE ROOM,Travis Scott,10/4/2019,1625149693.0,78.0,"925,241,514","713,021,988",0.598,0.427,0.0605,76.469,-8.764,0.0546,0.0317,5.83e-06,0.21,hip-hop,True,82,2019
F.N,Lil Tjay,8/9/2019,731933924.0,70.0,"534,384,489","173,278,256",0.567,0.515,0.321,120.1,-10.265,0.354,0.247,0.0,0.078,r-n-b,True,78,2019
Say You Won't Let Go,James Arthur,9/9/2016,2830962669.0,82.0,"2,083,619,058","792,720,612",0.358,0.557,0.494,85.043,-7.398,0.695,0.059,0.0,0.0902,pop,False,85,2016
Blank Space,Taylor Swift,1/1/2014,1829733410.0,76.0,"3,624,778,617","346,032,878",0.76,0.703,0.57,95.997,-5.412,0.103,0.054,0.0,0.0913,pop,False,85,2014
HUMBLE.,Kendrick Lamar,3/31/2017,2226869580.0,80.0,"1,281,355,260","769,720,113",0.908,0.621,0.421,150.011,-6.638,0.000282,0.102,5.39e-05,0.0958,hip-hop,True,84,2017
Super Freaky Girl,Nicki Minaj,8/12/2022,549382975.0,64.0,"128,432,797","5,107,877,505",0.95,0.891,0.912,133.01,-2.653,0.0645,0.241,1.77e-05,0.309,dance,True,92,2022
Something in the Orange,Zach Bryan,4/22/2022,891578597.0,82.0,"121,756,122","536,850,823",0.369,0.192,0.148,175.212,-12.151,0.555,0.04,8.35e-06,0.0954,country,False,3,2022
Treat You Better,Shawn Mendes,6/3/2016,2164074552.0,80.0,"2,766,700,889","218,876,789",0.444,0.819,0.747,82.695,-4.078,0.106,0.341,0.0,0.107,dance,False,84,2016
Let Her Go,Passenger,7/27/2012,2252713547.0,69.0,"3,967,431,755","198,665,893",0.445,0.541,0.217,76.289,-7.36,0.359,0.0736,0.0,0.109,folk,False,75,2012
Stressed Out,Twenty One Pilots,4/28/2015,2313532702.0,79.0,"3,241,796,669","664,725,202",0.734,0.637,0.648,169.977,-5.677,0.0462,0.141,2.29e-05,0.0602,rock,False,85,2015
Astronaut In The Ocean,Masked Wolf,1/1/2019,1251675613.0,67.0,"1,001,433,936","338,873,585",0.778,0.695,0.472,149.996,-6.865,0.175,0.0913,0.0,0.15,hip-hop,True,79,2019
All of Me,John Legend,1/1/2012,2382407025.0,80.0,"3,064,193,777","643,209,321",0.422,0.264,0.331,119.93,-7.064,0.922,0.0322,0.0,0.132,soul,False,85,2012
2055,Sleepy Hallow,4/14/2021,811700245.0,77.0,"168,936,854","752,325,431",0.829,0.512,0.638,80.511,-5.865,0.492,0.187,0.0,0.12,r-n-b,True,81,2021
You Proof,Morgan Wallen,5/13/2022,644437397.0,79.0,"141,964,689","327,463,451",0.731,0.85,0.644,119.706,-4.913,0.252,0.0336,0.0,0.605,country,False,86,2022
Break My Heart,Dua Lipa,3/25/2020,1198689895.0,71.0,"761,387,435","1,509,626,629",0.73,0.729,0.467,113.011,-3.434,0.167,0.0884,1.39e-06,0.349,dance,False,78,2020
Shut Down,BLACKPINK,9/16/2022,654818451.0,67.0,"633,781,726","3,365,539,262",0.813,0.657,0.651,110.053,-6.447,0.00269,0.0372,0.0,0.183,k-pop,False,87,2022
Vegas (From the Original Motion Picture Soundtrack ELVIS),Doja Cat,5/6/2022,553783547.0,68.0,"238,368,386","2,994,040,421",0.801,0.601,0.74,159.969,-7.574,0.0777,0.255,3.23e-05,0.145,dance,True,90,2022
"thank u, next",Ariana Grande,11/3/2018,1878196824.0,73.0,"1,479,999,649","982,464,070",0.717,0.653,0.412,106.966,-5.634,0.229,0.0658,0.0,0.101,dance,True,82,2018
Hope,XXXTENTACION,3/16/2018,1442703001.0,78.0,"460,915,912","325,870,631",0.592,0.457,0.225,146.04,-6.081,0.661,0.0603,0.000331,0.146,emo,True,86,2018
WITHOUT YOU,The Kid LAROI,11/6/2020,927908363.0,69.0,"201,781,716","2,189,403,368",0.662,0.413,0.467,93.005,-7.357,0.213,0.0299,0.0,0.134,hip-hop,True,80,2020
Blister In The Sun,Violent Femmes,12/1/2023,250321751.0,,,,0.726,0.537,0.882,96.889,-8.896,0.316,0.114,0.0,0.0707,acoustic,False,71,2023
Love Yourself,Justin Bieber,11/9/2015,2423583406.0,78.0,"2,154,325,842","546,197,873",0.609,0.378,0.515,100.418,-9.828,0.835,0.438,0.0,0.28,pop,False,84,2015
Wasted On You,Morgan Wallen,1/8/2021,717226454.0,79.0,"404,363,419","86,145,458",0.505,0.657,0.252,196.0,-5.24,0.373,0.0318,0.00107,0.126,country,False,83,2021
Unstoppable,Sia,1/21/2016,1285237951.0,76.0,"1,383,536,938","14,808,888,629",0.468,0.779,0.26,173.799,-4.839,0.112,0.0779,0.000373,0.101,dance,False,81,2016
traitor,Olivia Rodrigo,5/21/2021,1564979439.0,80.0,"500,794,182","2,639,611,818",0.38,0.339,0.0849,100.607,-7.885,0.691,0.0338,0.0,0.12,pop,False,88,2021
goosebumps,Travis Scott,9/16/2016,2396737761.0,82.0,"1,334,796,210","1,545,294,272",0.841,0.728,0.43,130.049,-3.37,0.0847,0.0484,0.0,0.149,hip-hop,True,84,2016
Angel Baby,Troye Sivan,9/9/2021,533416336.0,68.0,"293,168,763","4,418,855,338",0.559,0.559,0.338,72.498,-6.425,0.0145,0.0358,0.0,0.138,dance,False,82,2021
Chandelier,Sia,1/1/2014,1729264620.0,75.0,"3,137,616,905","1,176,707,701",0.399,0.787,0.572,117.089,-2.88,0.0197,0.0499,6.07e-05,0.0685,dance,False,80,2014
Cheap Thrills,Sia,12/17/2015,1779046979.0,70.0,"2,306,432,379","925,857,941",0.628,0.698,0.732,89.976,-5.608,0.0472,0.105,0.00143,0.0907,dance,False,78,2015
Yummy,Justin Bieber,1/3/2020,792379282.0,62.0,"887,226,751","2,580,705,782",0.677,0.506,0.497,145.843,-6.652,0.345,0.0964,0.0,0.118,pop,False,0,2020
Too Good At Goodbyes,Sam Smith,9/8/2017,2061017397.0,78.0,"1,988,375,859","118,957,400",0.681,0.372,0.476,91.873,-8.237,0.64,0.0432,0.0,0.169,dance,False,83,2017
There's Nothing Holdin' Me Back,Shawn Mendes,9/23/2016,2043626431.0,80.0,"1,683,710,842","544,400,947",0.866,0.813,0.969,121.998,-4.063,0.38,0.0554,0.0,0.0779,dance,False,86,2016
In The Stars,Benson Boone,4/29/2022,725214939.0,74.0,"204,956,968","2,046,007,902",0.362,0.54,0.3,78.007,-6.031,0.338,0.0528,0.0,0.139,pop,False,86,2022
Call Out My Name,The Weeknd,3/29/2018,1780889877.0,79.0,"1,366,385,062","742,902,070",0.461,0.593,0.175,134.17,-4.954,0.17,0.0356,0.0,0.307,pop,False,89,2018
Mask Off,Future,1/1/2017,1596770801.0,77.0,"1,296,329,209","2,521,784,913",0.833,0.434,0.281,150.062,-8.795,0.0102,0.431,0.0219,0.165,hip-hop,True,83,2017
You Raise Me Up,Josh Groban,11/17/2023,124486631.0,,,,0.25,0.136,0.0981,118.086,-12.162,0.673,0.037,0.000157,0.107,opera,False,61,2023
Maan Meri Jaan,King,10/12/2022,467454503.0,71.0,"627,711,778","189,880,241",0.698,0.505,0.396,95.868,-8.242,0.354,0.0356,0.0,0.0995,hip-hop,False,66,2022
SICKO MODE,Travis Scott,8/3/2018,2134271997.0,77.0,"271,517,371","2,562,546,341",0.834,0.73,0.446,155.008,-3.714,0.00513,0.222,0.0,0.124,hip-hop,True,83,2018
The Kind of Love We Make,Luke Combs,6/17/2022,470340261.0,75.0,"123,212,252","395,041,727",0.608,0.745,0.464,102.025,-4.13,0.0226,0.0277,6.47e-06,0.0942,country,False,82,2022
One Step Closer,Linkin Park,4/12/2024,687919107.0,,,,0.492,0.969,0.538,95.136,-4.419,0.0014,0.0491,1.32e-06,0.0787,alternative,False,78,2024
Faded,Alan Walker,12/4/2015,1943842010.0,75.0,"439,888,055","4,682,512,450",0.468,0.627,0.159,179.642,-5.085,0.0281,0.0476,7.97e-06,0.11,electro,False,80,2015
Radioactive,Imagine Dragons,1/1/2012,1836362703.0,75.0,"1,838,544,809","640,674,307",0.448,0.784,0.236,136.245,-3.686,0.106,0.0627,0.000108,0.668,rock,False,80,2012
hot girl bummer,blackbear,8/23/2019,1265080733.0,70.0,"356,598,545","579,006,925",0.782,0.559,0.685,129.992,-7.106,0.125,0.0767,0.0,0.385,electro,True,80,2019
Heartbreak Anniversary,Giveon,2/21/2020,1157206056.0,75.0,"158,131,164","3,272,868,374",0.449,0.465,0.543,89.087,-8.964,0.524,0.0791,1.02e-06,0.303,pop,False,84,2020
Tennessee Whiskey,Chris Stapleton,4/28/2015,954073526.0,77.0,"1,153,379,467","243,324,273",0.392,0.37,0.512,48.718,-10.888,0.205,0.0298,0.0096,0.0821,country,False,81,2015
Super Gremlin,Kodak Black,10/30/2021,416955991.0,63.0,"174,009,595","1,163,709,610",0.825,0.414,0.106,72.993,-6.634,0.00265,0.144,0.0,0.357,hip-hop,True,4,2021
Natural,Imagine Dragons,7/17/2018,1228556153.0,75.0,"1,220,581,919","396,994,100",0.704,0.611,0.22,100.0,-6.112,0.217,0.0409,0.0,0.0812,rock,False,82,2018
High Hopes,Panic! At The Disco,5/23/2018,1602076880.0,75.0,"284,427,491","790,904,602",0.579,0.904,0.681,82.014,-2.729,0.193,0.0618,0.0,0.064,rock,False,81,2018
Build a Bitch,Bella Poarch,5/14/2021,452542081.0,63.0,"575,228,171","10,270,227,664",0.855,0.463,0.866,102.931,-7.454,0.217,0.0367,1.77e-05,0.347,alternative,True,76,2021
Streets,Doja Cat,11/7/2019,1056939084.0,75.0,"702,463,556","3,347,862,526",0.749,0.463,0.189,90.035,-8.433,0.21,0.0842,0.0382,0.338,dance,True,83,2019
Therefore I Am,Billie Eilish,11/12/2020,805133547.0,67.0,"357,556,016","2,252,801,256",0.889,0.34,0.716,94.009,-7.773,0.218,0.0697,0.13,0.055,electro,False,2,2020
New Rules,Dua Lipa,7/20/2018,,,"3,090,849,766",,0.762,0.7,0.608,116.073,-6.021,0.00261,0.0694,1.56e-05,0.153,dance,False,81,2018
Stitches,Shawn Mendes,2/10/2015,1907768690.0,69.0,"2,115,112,270","403,748,250",0.746,0.754,0.746,149.882,-6.684,0.0152,0.0676,0.0,0.0486,dance,False,80,2015
New Divide,Linkin Park,4/12/2024,340239513.0,,,,0.493,0.808,0.38,117.971,-3.365,0.000235,0.0362,0.0,0.0983,alternative,False,70,2024
34+35,Ariana Grande,10/30/2020,978617707.0,70.0,"722,372,895","359,903,081",0.83,0.585,0.485,109.978,-6.476,0.237,0.094,0.0,0.248,dance,True,81,2020
Permission to Dance,BTS,7/9/2021,675763141.0,68.0,"881,072,427","3,653,167,411",0.702,0.741,0.646,124.925,-5.33,0.00544,0.0427,0.0,0.337,k-pop,False,80,2021
changes,XXXTENTACION,3/2/2018,1366479990.0,70.0,"1,002,422,657","1,763,949,180",0.669,0.308,0.52,64.934,-10.068,0.883,0.029,0.0,0.0984,emo,False,80,2018
Sunday Best,Surfaces,8/28/2018,952626904.0,16.0,"195,696,821","2,800,998,751",0.878,0.525,0.694,112.022,-6.832,0.183,0.0578,0.0,0.0714,soul,False,77,2018
Trap Queen,Fetty Wap,12/15/2014,1182373720.0,70.0,"1,260,463,421","414,475,658",0.746,0.873,0.817,148.075,-3.803,0.0244,0.128,0.0,0.354,j-dance,True,74,2014
Attention,Charlie Puth,4/20/2017,1800254516.0,75.0,"1,875,529,996","759,021,013",0.775,0.613,0.797,100.066,-4.586,0.109,0.0542,2.33e-05,0.134,dance,False,83,2017
Let Me Down Slowly,Alec Benjamin,5/25/2018,1709991997.0,80.0,"1,447,964,376","2,833,687,729",0.652,0.557,0.483,150.073,-5.714,0.74,0.0318,0.0,0.124,electro,False,85,2018
Sucker,Jonas Brothers,3/1/2019,1411856834.0,73.0,"641,158,161","280,853,608",0.842,0.734,0.952,137.958,-5.065,0.0427,0.0588,0.0,0.106,dance,False,81,2019
Alone,Marshmello,5/13/2016,561103984.0,65.0,"3,130,843,590","462,245,126",0.631,0.953,0.422,141.99,-3.739,0.0241,0.0343,0.0155,0.108,dance,False,73,2016
GOOBA,6ix9ine,5/8/2020,472027271.0,2.0,"1,012,949,756","4,846,286,370",0.611,0.688,0.393,178.462,-5.688,0.0264,0.341,0.0,0.251,emo,True,71,2020
Light Switch,Charlie Puth,1/19/2022,593554969.0,67.0,"284,499,511","4,729,678,365",0.69,0.626,0.912,184.009,-5.693,0.105,0.306,0.000335,0.0881,dance,False,77,2022
Freaks,Surf Curse,5/15/2021,1089328286.0,77.0,"256,738,121","2,110,692",0.345,0.941,0.407,179.626,-9.918,3.84e-05,0.0466,0.633,0.0511,indie-pop,False,86,2021
Breaking the Habit,Linkin Park,4/12/2024,428629823.0,,,,0.579,0.849,0.581,100.021,-5.218,0.108,0.0303,0.0,0.0909,alternative,False,71,2024
Normal,Feid,7/8/2022,724772954.0,76.0,"395,704,504","237,386,912",0.709,0.56,0.541,170.082,-4.867,0.034,0.171,0.0,0.315,latin,True,6,2022
Youngblood,5 Seconds of Summer,4/12/2018,1790579305.0,76.0,"792,369,989","81,167,209",0.596,0.854,0.152,120.274,-5.114,0.0169,0.463,0.0,0.124,dance,False,81,2018
Sweater Weather,The Neighbourhood,1/1/2012,2916412507.0,85.0,"1,648,485,745","2,911,383,718",0.612,0.807,0.398,124.053,-2.81,0.0495,0.0336,0.0177,0.101,alt-rock,False,93,2012
Felices los 4,Maluma,4/21/2017,932817713.0,68.0,"2,349,558,424","177,718,441",0.766,0.756,0.716,94.027,-5.861,0.213,0.132,0.0,0.349,latino,False,74,2017
Human,Rag'n'Bone Man,7/21/2016,1013083048.0,74.0,"1,900,272,147","1,070,508,080",0.602,0.707,0.554,75.087,-4.097,0.393,0.302,0.0,0.165,soul,False,78,2016
Fancy Like,Walker Hayes,6/4/2021,328697441.0,66.0,"174,775,864","2,074,178,281",0.647,0.765,0.855,79.994,-6.459,0.111,0.06,0.0,0.315,country,False,77,2021
LALISA,LISA,9/10/2021,502655066.0,73.0,"900,358,198","1,612,602,199",0.804,0.652,0.854,150.076,-6.282,0.0267,0.0898,0.000782,0.118,k-pop,False,73,2021
Levitating,Dua Lipa,3/27/2020,946842175.0,73.0,"39,855,160","4,779,580,212",0.695,0.884,0.914,103.014,-2.278,0.0561,0.0753,0.0,0.213,dance,False,84,2020
Demons,Imagine Dragons,1/1/2012,2270796677.0,80.0,"1,738,647,396","296,361,891",0.505,0.71,0.428,89.938,-3.015,0.19,0.0321,0.00025,0.269,rock,False,84,2012
ZOOM,Jessi,4/13/2022,166161044.0,61.0,"303,569,838","9,393,168,416",0.874,0.6,0.457,100.012,-6.064,0.00942,0.158,0.0,0.126,k-pop,False,78,2022
In A Minute,Lil Baby,4/7/2022,171118535.0,57.0,"238,335,324","191,118,526",0.643,0.605,0.145,84.216,-5.968,0.0336,0.297,0.0,0.112,hip-hop,True,0,2022
Counting Stars,OneRepublic,1/1/2013,2466006842.0,81.0,"304,524,339","1,245,061,983",0.664,0.705,0.477,122.016,-4.972,0.0654,0.0382,0.0,0.118,piano,False,83,2013
Sobrio,Maluma,7/8/2021,600199930.0,64.0,"743,954,914","254,681,143",0.762,0.77,0.631,177.998,-2.758,0.138,0.223,0.0,0.15,latino,False,81,2021
no tears left to cry,Ariana Grande,4/20/2018,1331371819.0,71.0,"1,426,855,223","219,920,452",0.699,0.713,0.354,121.993,-5.507,0.04,0.0594,3.11e-06,0.294,dance,False,78,2018
Crawling,Linkin Park,4/12/2024,570290910.0,,,,0.58,0.702,0.299,105.076,-5.565,0.0466,0.0337,3.2e-06,0.536,alternative,False,76,2024
Summer,Calvin Harris,1/1/2014,1497564072.0,81.0,"1,989,930,606","1,214,191,679",0.596,0.856,0.743,127.949,-3.556,0.0211,0.0346,0.0178,0.141,electro,False,82,2014
Bad Liar,Imagine Dragons,11/6/2018,1056929910.0,74.0,"908,433,462","2,058,078,137",0.383,0.637,0.0827,177.913,-6.993,0.0722,0.0703,0.0,0.368,rock,False,81,2018
Tacones Rojos,Sebastian Yatra,10/22/2021,641756842.0,68.0,"558,812,868","855,230,861",0.748,0.856,0.927,123.031,-3.517,0.0824,0.0348,0.0,0.142,reggae,False,0,2021
Whatever It Takes,Imagine Dragons,5/9/2017,1257258072.0,76.0,"1,192,880,501","340,416,328",0.672,0.655,0.556,134.945,-5.021,0.0362,0.0311,0.0,0.117,rock,False,81,2017
No Role Modelz,J. Cole,12/9/2014,2235160830.0,81.0,"656,310,159","885,273,359",0.69,0.521,0.494,100.028,-8.492,0.324,0.339,0.0,0.0534,hip-hop,True,88,2014
A Thousand Years,Christina Perri,10/18/2011,1654956613.0,77.0,"2,989,286,684","8,594,414,469",0.421,0.407,0.161,139.028,-7.445,0.309,0.0267,0.000961,0.11,dance,False,81,2011
Call Me Maybe,Carly Rae Jepsen,1/1/2012,1394048309.0,77.0,"2,007,334,200","367,016,981",0.783,0.58,0.66,120.021,-6.548,0.0114,0.0408,2.28e-06,0.108,electro,False,80,2012
"Valerie - Live At BBC Radio 1 Live Lounge, London / 2007",Amy Winehouse,4/12/2024,562814594.0,,,,0.772,0.371,0.684,96.574,-5.743,0.744,0.0348,0.0,0.167,british,False,75,2024
One Side,Iyanya,9/15/2022,23823099.0,53.0,"75,987,807","1,004,679,876",0.815,0.755,0.763,102.978,-5.678,0.749,0.0498,0.0673,0.112,dancehall,False,59,2022
Photograph,Ed Sheeran,1/1/2013,2525355904.0,77.0,"1,884,843,329","4,406,781,129",0.614,0.379,0.201,107.989,-10.48,0.607,0.0476,0.000464,0.0986,pop,False,85,2013
At My Worst,Pink Sweat$,7/17/2020,670245273.0,64.0,"537,033,479","1,736,930,175",0.813,0.415,0.667,91.921,-5.926,0.777,0.0349,0.0,0.131,chill,False,74,2020
She Had Me At Heads Carolina,Cole Swindell,4/8/2022,244709550.0,69.0,"92,809,269","140,118,719",0.607,0.912,0.722,134.944,-3.449,0.124,0.0611,0.0,0.332,country,False,2,2022
happier,Olivia Rodrigo,5/21/2021,1133535049.0,79.0,"352,845,171","3,266,081,830",0.395,0.443,0.338,168.924,-9.72,0.765,0.133,9.67e-06,0.0839,pop,True,86,2021
BOP,DaBaby,9/27/2019,820923123.0,68.0,"661,665,888","129,969,428",0.77,0.786,0.837,126.764,-3.909,0.189,0.368,0.0,0.129,hip-hop,True,0,2019
Arcade,Duncan Laurence,3/7/2019,1184536529.0,69.0,"439,603,979","6,956,515,458",0.45,0.329,0.266,71.884,-12.603,0.818,0.0441,0.00109,0.135,pop,False,80,2019
BUTTERFLY EFFECT,Travis Scott,1/1/2017,1388024799.0,79.0,"583,707,677","236,970,860",0.763,0.628,0.193,140.958,-5.85,0.0531,0.05,0.0,0.114,house,False,79,2017
Yo Perreo Sola,Bad Bunny,2/29/2020,745086450.0,67.0,"818,482,247","1,133,216,780",0.86,0.758,0.453,97.014,-5.16,0.021,0.0695,6.54e-05,0.344,latino,False,79,2020
Take You Dancing,Jason Derulo,7/22/2020,716319941.0,65.0,"460,154,791","1,506,051,452",0.789,0.711,0.753,112.985,-4.248,0.0332,0.041,0.0,0.0876,dance,False,78,2020
Me Fui de Vacaciones,Bad Bunny,5/6/2022,366872354.0,68.0,"146,768,761","1,794,129,686",0.714,0.645,0.434,85.046,-5.493,0.229,0.0514,0.00083,0.0942,latino,False,85,2022
Counting stars,OneRepublic,8/4/2014,,,"4,069,201,723",,0.664,0.705,0.477,122.016,-4.972,0.0654,0.0382,0.0,0.118,piano,False,83,2014
Take My Breath - Single Version,The Weeknd,8/5/2021,465348362.0,57.0,"218,889,957","224,955,330",0.747,0.739,0.523,120.996,-6.008,0.0106,0.0487,2.22e-05,0.101,pop,False,0,2021
Ride,Twenty One Pilots,5/12/2015,1724766252.0,79.0,"1,832,805,733","515,516,585",0.645,0.713,0.566,74.989,-5.355,0.00835,0.0393,0.0,0.113,rock,False,82,2015
Physical,Dua Lipa,1/30/2020,967029446.0,71.0,"570,687,048","430,832,681",0.647,0.844,0.746,146.967,-3.756,0.0137,0.0457,0.000658,0.102,dance,False,0,2020
Pumped Up Kicks,Foster The People,1/1/2010,1791778314.0,81.0,"599,930,123","2,757,623,631",0.733,0.71,0.965,127.975,-5.849,0.145,0.0292,0.115,0.0956,indie,False,84,2010
Lose You To Love Me,Selena Gomez,10/23/2019,1222228366.0,72.0,"569,150,755","519,924,812",0.516,0.342,0.0993,102.819,-8.985,0.55,0.0425,0.0,0.21,dance,False,1,2019
Green Green Grass,George Ezra,3/22/2022,300430813.0,69.0,"103,550,086","3,375,488,113",0.685,0.738,0.8,112.972,-4.413,0.0695,0.0595,0.0,0.128,folk,False,75,2022
Neverita,Bad Bunny,5/6/2022,831868563.0,73.0,"181,498,962","985,066,343",0.876,0.498,0.428,122.016,-7.511,0.0706,0.0478,0.0,0.143,latin,False,93,2022
Infinity,Jaymes Young,6/23/2017,1059940209.0,74.0,"569,314,714","22,241,102,823",0.671,0.673,0.494,121.963,-6.941,0.148,0.0444,5.29e-05,0.304,pop,False,85,2017
Numb Little Bug,Em Beihold,1/28/2022,360584207.0,66.0,"41,254,765","667,895,022",0.742,0.527,0.638,84.974,-6.892,0.327,0.0769,0.0,0.25,singer-songwriter,False,78,2022
I Like Me Better,Lauv,5/19/2017,1784308411.0,75.0,"837,720,618","886,160,801",0.752,0.505,0.419,91.97,-7.621,0.535,0.253,2.55e-06,0.104,dance,False,83,2017
Papercut,Linkin Park,4/12/2024,497285757.0,,,,0.524,0.939,0.661,150.184,-3.994,0.00022,0.113,0.0,0.623,alternative,False,75,2024
Hello,Adele,10/23/2015,1550553401.0,68.0,"347,935,820","707,793,848",0.578,0.43,0.288,78.991,-6.134,0.33,0.0305,0.0,0.0854,british,False,74,2015
N95,Kendrick Lamar,5/13/2022,426936498.0,74.0,"124,386,115","186,922,543",0.79,0.67,0.408,139.956,-5.527,0.377,0.105,2.32e-06,0.119,hip-hop,True,83,2022
Gucci Gang,Lil Pump,8/31/2017,648757330.0,55.0,"1,402,505,864","243,585,831",0.936,0.523,0.699,119.889,-6.71,0.239,0.0597,0.0,0.117,emo,True,64,2017
Scars To Your Beautiful,Alessia Cara,11/13/2015,1422563654.0,71.0,"710,718,042","736,544,909",0.319,0.739,0.449,194.169,-5.74,0.0285,0.272,0.0,0.111,dance,False,74,2015
Forever After All,Luke Combs,10/23/2020,472886929.0,70.0,"247,466,941","454,676,514",0.487,0.65,0.456,151.964,-5.195,0.191,0.0253,0.0,0.0933,country,False,79,2020
Riptide,Vance Joy,1/1/2013,2541833602.0,80.0,"533,440,453","3,108,986,398",0.484,0.731,0.51,101.654,-6.694,0.431,0.0379,0.0,0.151,folk,False,82,2013
The Night We Met,Lord Huron,2/9/2015,2097181065.0,84.0,"807,672,690","1,722,597,041",0.544,0.369,0.102,87.01,-9.514,0.969,0.038,0.279,0.639,folk,False,83,2015
LOVE DIVE,IVE,4/5/2022,397988770.0,69.0,"583,304,882","1,878,718,115",0.703,0.709,0.538,117.941,-4.169,0.00379,0.0433,5.43e-05,0.333,k-pop,False,85,2022
Lovesick Girls,BLACKPINK,10/2/2020,561712007.0,65.0,"959,285,337","694,367,550",0.658,0.732,0.409,127.995,-4.762,0.00513,0.0654,0.0,0.13,k-pop,False,73,2020
Fall In Love,Bailey Zimmerman,2/11/2022,262185115.0,71.0,"121,592,933","149,251,921",0.524,0.643,0.397,135.962,-6.055,0.451,0.0297,0.0,0.221,country,False,1,2022
Waiting For Love,Avicii,1/1/2015,1397975653.0,74.0,"1,701,608,739","154,837,616",0.579,0.736,0.613,127.999,-3.863,0.31,0.0527,0.0,0.198,dance,False,81,2015
Heather,Conan Gray,3/20/2020,1675083208.0,80.0,"138,807,824","755,895,289",0.357,0.425,0.27,102.078,-7.301,0.584,0.0333,0.0,0.322,pop,False,87,2020
TV,Billie Eilish,7/21/2022,572602278.0,76.0,"115,201,405","104,843,270",0.412,0.236,0.119,140.214,-15.159,0.83,0.0379,0.00653,0.147,pop,False,8,2022
Take Me to Church,Hozier,9/16/2013,2544489950.0,78.0,"1,690,342,490","261,203,495",0.566,0.664,0.437,128.945,-5.303,0.634,0.0464,0.0,0.116,singer-songwriter,False,83,2013
It's You,Ali Gatie,6/14/2019,1123039235.0,72.0,"763,620,890","590,573,342",0.732,0.463,0.397,95.971,-6.972,0.374,0.0287,0.0,0.194,hip-hop,False,80,2019
Venom - Music From The Motion Picture,Eminem,8/31/2018,788282679.0,68.0,"872,454,191","5,580,305,533",0.75,0.789,0.467,135.954,-5.058,0.0148,0.0647,0.0,0.501,hip-hop,True,74,2018
Oh My God,Adele,11/19/2021,562200390.0,68.0,"175,552,661","324,045,421",0.534,0.725,0.55,88.098,-3.906,0.091,0.046,0.0,0.0264,british,False,82,2021
Leave Out All The Rest,Linkin Park,4/12/2024,270590102.0,,,,0.514,0.637,0.18,80.401,-6.418,0.213,0.0363,2.24e-06,0.389,alternative,False,55,2024
The Feels,TWICE,10/1/2021,431638330.0,66.0,"564,641,494","2,323,894,242",0.808,0.903,0.922,120.044,-2.179,0.0899,0.0729,0.0,0.0816,k-pop,False,78,2021
Someone Like You,Adele,1/18/2011,1925879064.0,75.0,"759,564,393","401,049,702",0.556,0.319,0.294,135.187,-8.251,0.893,0.0281,0.0,0.0996,british,False,81,2011
Boss Bitch,Doja Cat,1/23/2020,878349171.0,70.0,"522,643,821","3,582,425,112",0.707,0.955,0.575,125.993,-4.593,0.127,0.222,0.0,0.203,dance,False,0,2020
the remedy for a broken heart (why am I so in love),XXXTENTACION,3/16/2018,959078765.0,69.0,"402,582,220","955,370,530",0.699,0.304,0.271,119.705,-11.192,0.779,0.0993,0.000993,0.137,emo,True,79,2018
'Til You Can't,Cody Johnson,6/11/2021,258769609.0,68.0,"145,224,400","116,117,655",0.501,0.815,0.46,160.087,-4.865,0.0513,0.0436,0.0,0.106,country,False,1,2021
The Spectre,Alan Walker,9/15/2017,428110164.0,67.0,"1,517,036,583","1,924,971,468",0.654,0.711,0.198,127.957,-7.437,0.0214,0.0383,0.00191,0.0903,electro,False,72,2017
Ferxxo 100,Feid,6/3/2022,444613276.0,73.0,"328,723,503","179,088,549",0.705,0.562,0.569,163.893,-3.378,0.257,0.0674,0.0,0.137,latin,False,4,2022
Shower,Becky G,1/1/2014,809840469.0,73.0,"550,108,518","2,999,189,391",0.699,0.529,0.121,119.987,-7.548,0.0317,0.0487,3.59e-05,0.285,dance,False,78,2014
Control,Zoe Wees,3/13/2020,457848626.0,66.0,"246,089,222","1,783,816,089",0.599,0.465,0.0678,113.82,-4.95,0.643,0.0314,1.57e-06,0.149,german,False,77,2020
My Head & My Heart,Ava Max,9/18/2020,518293446.0,69.0,"312,305,062","76,367,154",0.614,0.934,0.436,116.001,-3.709,0.0697,0.07,0.0,0.121,dance,False,0,2020
After Hours,The Weeknd,2/19/2020,942637026.0,75.0,"335,729,967","663,247,978",0.651,0.567,0.138,108.953,-5.941,0.0934,0.0317,0.00991,0.124,pop,False,0,2020
Pompeii,Bastille,1/1/2013,1590278292.0,71.0,"892,426,661","587,669,621",0.68,0.711,0.571,127.436,-6.371,0.0918,0.0414,0.0,0.241,rock,False,1,2013
Hold On,Justin Bieber,3/5/2021,749776475.0,65.0,"255,815,308","250,017,692",0.658,0.634,0.29,139.98,-5.797,0.0106,0.0413,0.0,0.132,pop,False,0,2021
cardigan,Taylor Swift,7/24/2020,1307283069.0,80.0,"250,157,022","2,941,268,049",0.612,0.58,0.534,130.045,-8.572,0.525,0.0419,0.000414,0.26,pop,False,0,2020
KICK BACK,Kenshi Yonezu,10/12/2022,360816226.0,70.0,"171,459,970","1,353,881,739",0.577,0.941,0.292,101.921,-5.17,0.00207,0.105,3.36e-06,0.0891,anime,False,83,2022
Just the Way You Are,Bruno Mars,7/20/2010,2099862852.0,79.0,"2,218,318,671","411,934,018",0.635,0.841,0.424,109.021,-5.379,0.0134,0.0422,0.0,0.0622,dance,False,82,2010
"How Far I'll Go - From ""Moana""",Alessia Cara,10/28/2016,740261910.0,58.0,"341,087,439","26,579,876",0.309,0.544,0.16,180.979,-9.621,0.155,0.352,0.000265,0.0727,electro,False,66,2016
we fell in love in october,girl in red,1/1/2018,1034272727.0,77.0,"235,190,444","2,226,783,393",0.566,0.366,0.237,129.96,-12.808,0.113,0.028,0.181,0.155,indie-pop,False,80,2018
Sorry Not Sorry,Demi Lovato,7/11/2017,1156601592.0,67.0,"782,935,937","278,587,450",0.705,0.643,0.884,143.944,-6.929,0.0242,0.232,0.0,0.262,dance,True,0,2017
Sex Sounds,Lil Tjay,10/11/2019,413974601.0,69.0,"157,947,172","438,050,984",0.857,0.427,0.366,130.033,-8.638,0.281,0.112,0.0,0.108,r-n-b,True,76,2019
Centuries,Fall Out Boy,9/9/2014,1184571362.0,75.0,"829,829,470","254,037,168",0.393,0.858,0.56,176.042,-2.868,0.00359,0.0729,0.0,0.102,emo,False,80,2014
What Makes You Beautiful,One Direction,1/1/2011,1265397717.0,80.0,"1,864,674,236","437,246,025",0.726,0.787,0.888,124.99,-2.494,0.009,0.0737,0.0,0.0596,pop,False,84,2011
Beautiful Crazy,Luke Combs,5/4/2018,828103564.0,77.0,"594,679,967","122,040,522",0.551,0.402,0.382,103.313,-7.431,0.676,0.0262,0.0,0.0928,country,False,80,2018
Lover,Taylor Swift,8/16/2019,1413268808.0,81.0,"492,503,095","921,980,357",0.359,0.543,0.453,68.505,-7.582,0.492,0.0915,1.57e-05,0.118,pop,False,0,2019
Follow You,Imagine Dragons,3/12/2021,412887321.0,65.0,"186,582,105","155,388,095",0.542,0.732,0.489,124.912,-5.956,0.00209,0.0521,7.92e-05,0.496,rock,False,2,2021
Body Like A Back Road,Sam Hunt,2/1/2017,874864898.0,66.0,"340,287,969","12,493,072",0.732,0.458,0.661,98.942,-7.225,0.447,0.0311,0.0,0.136,country,False,0,2017
Set Fire to the Rain,Adele,1/1/2011,1595514674.0,77.0,"959,699,985","3,469,644,756",0.603,0.67,0.446,107.993,-3.882,0.00408,0.0249,1.68e-06,0.112,british,False,80,2011
Worth It,Fifth Harmony,1/1/2014,815946405.0,67.0,"2,318,717,784","1,277,991,912",0.858,0.78,0.602,99.984,-3.739,0.0478,0.0738,5.72e-05,0.133,dance,False,64,2014
2 Be Loved (Am I Ready),Lizzo,7/15/2022,335194737.0,62.0,"63,109,208","1,189,348,894",0.721,0.769,0.915,155.932,-4.111,0.0922,0.105,0.0,0.0817,hip-hop,False,3,2022
Shut Up and Dance,WALK THE MOON,11/20/2011,1690450389.0,81.0,"679,433,670","201,004,524",0.578,0.866,0.619,128.038,-3.804,0.00701,0.0619,0.0,0.257,alt-rock,False,83,2011
this is what falling in love feels like,JVKE,9/3/2021,477620800.0,72.0,"149,501,582","2,841,508,008",0.422,0.44,0.332,128.934,-5.53,0.617,0.0544,0.0,0.0837,indie-pop,False,73,2021
Firework,Katy Perry,1/1/2010,1065375074.0,67.0,"1,634,743,568","686,049,802",0.637,0.867,0.652,124.069,-3.686,0.143,0.05,0.0,0.11,dance,False,1,2010
When You're Gone,Shawn Mendes,3/31/2022,323292046.0,71.0,"65,239,480","190,197,488",0.605,0.713,0.603,147.166,-5.865,0.0203,0.0381,0.0,0.548,dance,False,0,2022
Runaway,AURORA,2/7/2015,884816583.0,70.0,"959,919,759","6,276,979,194",0.422,0.302,0.123,114.089,-9.214,0.629,0.0372,7.83e-05,0.104,pop,False,79,2015
Die For You,The Weeknd,11/25/2016,2265551950.0,74.0,"117,456,314","879,722,331",0.582,0.525,0.51,133.249,-7.163,0.111,0.0627,0.0,0.134,pop,False,88,2016
Into You,Ariana Grande,4/1/2016,1368497471.0,72.0,"1,149,519,353","340,034,199",0.623,0.734,0.372,107.853,-5.95,0.0162,0.107,1.9e-06,0.145,dance,False,76,2016
Thousand Miles,The Kid LAROI,4/22/2022,299159279.0,65.0,"77,821,012","393,771,352",0.376,0.657,0.203,80.565,-4.658,0.0858,0.0768,0.0,0.0884,hip-hop,True,81,2022
Life Goes On,BTS,11/20/2020,717715448.0,70.0,"640,225,413","1,177,171,729",0.566,0.716,0.45,81.068,-5.733,0.00691,0.0424,0.0,0.37,k-pop,False,79,2020
One Call Away,Charlie Puth,8/21/2015,833094374.0,69.0,"975,631,232","730,041,228",0.667,0.613,0.472,91.024,-5.353,0.4,0.0345,0.0,0.115,dance,False,0,2015
Suavemente,Soolking,2/22/2022,159676691.0,59.0,"328,647,215","535,066,055",0.865,0.682,0.508,140.052,-4.563,0.284,0.0548,0.00445,0.0422,french,False,74,2022
Locked Out Of Heaven,Bruno Mars,1/1/2012,2004657631.0,83.0,"1,400,581,749","91,255,671",0.726,0.698,0.867,143.994,-4.165,0.049,0.0431,0.0,0.309,dance,False,87,2012
"Love Me Like You Do - From ""Fifty Shades Of Grey""",Ellie Goulding,7/24/2015,1532640437.0,6.0,"2,536,191,191",,0.262,0.606,0.275,189.857,-6.646,0.247,0.0484,0.0,0.125,dance,False,79,2015
Not Afraid,Eminem,5/3/2010,1012914789.0,74.0,"2,040,135,706","1,528,287,223",0.855,0.954,0.668,114.635,-1.19,0.529,0.264,0.0,0.205,hip-hop,True,81,2010
Bad Romance,Lady Gaga,1/1/2009,1229109018.0,77.0,"2,049,116,263","687,368,332",0.695,0.921,0.714,119.007,-3.752,0.00314,0.0363,5.26e-05,0.0842,dance,True,0,2009
Apocalypse,Cigarettes After Sex,3/21/2017,1305189811.0,82.0,"237,610,293","435,331,773",0.37,0.467,0.182,94.485,-9.013,0.0205,0.0273,0.572,0.109,ambient,False,84,2017
Next Thing You Know,Jordan Davis,8/12/2022,233212999.0,71.0,"8,294,089","228,973,807",0.557,0.597,0.414,78.526,-8.296,0.646,0.048,0.0,0.0974,country,False,75,2022
Habits (Stay High),Tove Lo,3/15/2013,919756735.0,69.0,"1,690,599,219","685,728,708",0.688,0.719,0.406,110.014,-3.402,0.0415,0.0354,5.63e-05,0.0921,electro,False,0,2013
God's Country,Blake Shelton,3/29/2019,367775924.0,62.0,"312,724,268","1,035,596,168",0.537,0.754,0.212,139.986,-5.102,0.0586,0.0399,4.8e-06,0.118,country,False,0,2019
Alone,Alan Walker,1/1/2016,738909649.0,70.0,"1,695,861,663","388,592,360",0.673,0.914,0.183,97.021,-3.962,0.229,0.0496,0.000478,0.186,electro,False,74,2016
IDOL,BTS,8/24/2018,458842811.0,65.0,"1,476,805,343","664,328,364",0.733,0.855,0.42,126.035,-3.211,0.00481,0.118,0.0,0.123,k-pop,False,75,2018
Betty (Get Money),Yung Gravy,6/10/2022,262402978.0,59.0,"68,754,110","2,904,979,024",0.723,0.772,0.58,102.004,-6.784,0.00524,0.0792,1.15e-05,0.367,hip-hop,False,87,2022
The Nights,Avicii,11/20/2011,1780761618.0,79.0,"1,147,006,109","3,389,115,337",0.527,0.835,0.654,125.983,-5.298,0.0166,0.0433,0.0,0.249,dance,False,86,2011
Run,OneRepublic,5/5/2021,567806129.0,70.0,"99,979,912","228,981,445",0.682,0.72,0.673,117.003,-8.173,0.326,0.0381,0.0,0.148,piano,False,0,2021
Without Me,Eminem,8/4/2016,2146682342.0,,"1,938,496,621",,0.908,0.669,0.662,112.238,-2.827,0.00286,0.0738,0.0,0.237,hip-hop,True,88,2016
Vete,Bad Bunny,11/21/2019,991885224.0,64.0,"600,051,690","76,307,093",0.886,0.672,0.526,91.976,-4.394,0.0363,0.188,8.78e-06,0.101,latino,True,79,2019
Que Tire Pa Lante,Daddy Yankee,10/18/2019,375589989.0,59.0,"1,084,403,143","223,724,566",0.658,0.901,0.708,93.979,-2.814,0.0478,0.0357,0.0,0.12,latino,False,69,2019
ANTIFRAGILE,LE SSERAFIM,10/17/2022,458713465.0,70.0,"263,768,312","1,964,836,293",0.882,0.797,0.824,105.025,-3.299,0.0821,0.0819,0.0,0.113,k-pop,False,77,2022
I Hope,Gabby Barrett,1/25/2019,399778802.0,66.0,"271,330,319","109,246,978",0.466,0.536,0.377,75.998,-6.227,0.0951,0.0429,0.0,0.114,country,False,74,2019
TOMBOY,(G)I-DLE,3/14/2022,286016224.0,67.0,"496,270,574","232,860,888",0.755,0.87,0.645,124.032,-2.414,0.00988,0.0936,0.0,0.0917,k-pop,False,80,2022
Hold On,Chord Overstreet,2/3/2017,847578246.0,73.0,"817,730,890","1,343,189,392",0.618,0.443,0.167,119.949,-9.681,0.469,0.0526,0.0,0.0829,acoustic,False,82,2017
bury a friend,Billie Eilish,1/30/2019,1014870547.0,68.0,"574,257,361","1,519,293,340",0.887,0.388,0.205,120.035,-14.505,0.739,0.349,0.143,0.106,electro,False,5,2019
double take,Dhruv,5/24/2019,826685494.0,76.0,"353,174,602","4,653,743,727",0.456,0.437,0.209,108.678,-11.156,0.839,0.0867,0.0,0.218,chill,False,75,2019
5 Foot 9,Tyler Hubbard,5/20/2022,193680404.0,65.0,"893,876","161,738,459",0.602,0.796,0.53,106.005,-5.609,0.146,0.0465,0.0,0.125,country,False,1,2022
Animals,Maroon 5,11/20/2011,1365755853.0,74.0,"1,285,233,400","694,003,171",0.279,0.742,0.328,189.868,-6.46,0.000185,0.0898,0.0,0.593,pop,False,70,2011
DNA,BTS,9/18/2017,632727904.0,63.0,"1,758,381,885","537,359,844",0.599,0.775,0.696,129.817,-4.018,0.0217,0.0543,0.0,0.0678,k-pop,False,73,2017
EL BARCO,KAROL G,3/25/2021,304116211.0,72.0,"692,863,553","184,413,760",0.85,0.847,0.915,143.975,-3.435,0.606,0.0435,0.000159,0.33,reggae,False,3,2021
Fingers Crossed,Lauren Spencer Smith,1/5/2022,437029775.0,67.0,"60,320,365","261,236,772",0.56,0.473,0.441,109.414,-7.23,0.618,0.0533,0.0,0.31,singer-songwriter,False,81,2022
How Far I'll Go,Auli'i Cravalho,11/18/2016,611088459.0,67.0,"1,505,578,850","149,410,833",0.571,0.307,0.108,83.72,-10.958,0.649,0.0499,0.0,0.178,disney,False,49,2016
Hecha Pa' Mi,Boza,7/31/2020,627556563.0,67.0,"315,121,318","829,202,200",0.725,0.756,0.828,100.07,-5.013,0.362,0.0572,0.000685,0.103,latino,False,75,2020
Calling My Spirit,Kodak Black,11/30/2018,298721490.0,59.0,"162,438,129","13,981,094",0.918,0.362,0.744,120.007,-9.943,0.116,0.0905,0.0,0.263,hip-hop,False,0,2018
Everybody Dies In Their Nightmares,XXXTENTACION,8/25/2017,1590659204.0,77.0,"567,076,854","616,913,553",0.734,0.57,0.689,129.953,-7.066,0.847,0.133,2.14e-05,0.112,emo,True,85,2017
Ho Hey,The Lumineers,1/1/2012,1273869800.0,76.0,"370,952,126","172,101,115",0.682,0.471,0.421,79.907,-9.182,0.765,0.0301,0.0,0.0908,folk,False,79,2012
Bijlee Bijlee,Harrdy Sandhu,10/30/2021,185690034.0,62.0,"653,915,314","52,219,515",0.795,0.67,0.643,100.004,-5.313,0.269,0.143,0.0,0.0733,pop,False,74,2021
Diamonds,Sam Smith,9/17/2020,411109963.0,58.0,"205,575,225","254,269,639",0.653,0.667,0.556,104.181,-6.764,0.154,0.0423,0.0,0.107,dance,False,3,2020
Do I Wanna Know?,Arctic Monkeys,1/1/2013,2188592950.0,81.0,"457,550,865","71,629,637",0.548,0.532,0.405,85.03,-7.596,0.186,0.0323,0.000263,0.217,garage,False,88,2013
Another Love,Tom Odell,1/1/2012,2444335468.0,83.0,"996,981,745","714,451,407",0.445,0.537,0.131,122.769,-8.532,0.695,0.04,1.65e-05,0.0944,chill,True,93,2012
As If It's Your Last,BLACKPINK,6/22/2017,594775179.0,70.0,"1,658,892,938","716,217,499",0.786,0.852,0.455,125.036,-2.687,0.0687,0.0813,0.0,0.0759,k-pop,False,77,2017
Look At Me!,XXXTENTACION,2/20/2017,1432465000.0,75.0,"529,846,128","2,685,984,395",0.763,0.726,0.349,139.059,-6.405,0.259,0.282,0.0,0.0976,emo,True,82,2017
"break up with your girlfriend, i'm bored",Ariana Grande,2/8/2019,975281654.0,69.0,"672,090,558","218,317,192",0.726,0.554,0.335,169.999,-5.29,0.0421,0.0917,0.0,0.106,dance,True,78,2019
Shaky Shaky,Daddy Yankee,4/8/2016,355833360.0,57.0,"1,841,152,614","580,818,135",0.899,0.626,0.873,88.007,-4.228,0.076,0.292,0.0,0.0631,hip-hop,False,0,2016
El Amante,Nicky Jam,1/1/2017,583299836.0,64.0,"1,463,687,327","107,045,562",0.683,0.691,0.732,179.91,-5.535,0.243,0.0432,0.0,0.14,latino,False,69,2017
Way down We Go,KALEO,8/7/2015,1086861259.0,79.0,"836,662,907","4,201,171,109",0.489,0.505,0.337,163.255,-8.022,0.579,0.117,0.000333,0.104,alt-rock,False,78,2015
PILLOWTALK,ZAYN,3/25/2016,1320205697.0,71.0,"1,389,678,876","191,249,307",0.584,0.7,0.438,124.944,-4.275,0.117,0.0456,0.0,0.0939,dance,True,78,2016
Libaas,Kaka,11/19/2020,76630812.0,51.0,"964,253,382","99,450,429",0.794,0.753,0.906,159.965,-3.112,0.543,0.0609,0.0,0.12,pop,False,65,2020
Un Coco,Bad Bunny,5/6/2022,534736940.0,73.0,"243,635,144","327,984,369",0.839,0.69,0.744,151.991,-4.464,0.207,0.0615,8.33e-06,0.176,latino,False,87,2022
Love You So,The King Khan & BBQ Show,1/1/2005,16326628.0,44.0,"7,603,329","214,843,956,590",0.398,0.909,0.644,115.162,-2.493,0.714,0.0593,0.000553,0.286,blues,False,58,2005
ON,BTS,2/21/2020,452491920.0,64.0,"945,639,729","359,662,248",0.583,0.817,0.437,105.935,-5.146,0.118,0.099,0.0,0.338,k-pop,False,74,2020
Don't Call Me Up,Mabel,1/18/2019,1016283394.0,68.0,"460,509,010","45,585,575",0.674,0.881,0.234,98.994,-2.853,0.296,0.147,3.01e-06,0.0793,edm,False,77,2019
YuNg BrAtZ,XXXTENTACION,5/16/2017,442472374.0,68.0,"99,029,913","437,018,233",0.755,0.695,0.493,128.063,-5.963,0.0179,0.26,0.0,0.107,emo,True,76,2017
The Search,NF,5/30/2019,582823215.0,69.0,"362,990,075","394,839,659",0.789,0.786,0.39,119.957,-4.788,0.596,0.297,0.0,0.0997,hip-hop,False,74,2019
Ay Vamos,J Balvin,3/3/2014,385438228.0,68.0,"2,103,164,374","55,635,484",0.718,0.711,0.92,173.916,-5.746,0.157,0.11,5.54e-05,0.1,latino,False,69,2014
A-O-K,Tai Verdes,5/6/2021,389915082.0,66.0,"12,456,282","3,623,326,028",0.731,0.626,0.862,82.488,-6.919,0.125,0.0805,0.0,0.183,indie-pop,True,77,2021
Shotgun,George Ezra,3/23/2018,930662973.0,71.0,"473,069,489","114,370,699",0.673,0.735,0.754,115.744,-4.733,0.286,0.0457,0.0,0.242,folk,False,78,2018
Kiss Me,Dermot Kennedy,9/2/2022,149237160.0,65.0,"60,539,963","52,556,917",0.646,0.863,0.459,120.08,-2.046,0.00203,0.0367,0.0,0.0686,folk,False,68,2022
Goosebumps,HVME,6/12/2020,495274429.0,63.0,"78,671,735","354,473,655",0.767,0.659,0.439,124.946,-7.429,0.325,0.0444,0.0,0.13,house,True,75,2020
HP,Maluma,3/1/2019,614313540.0,64.0,"978,997,170","48,469,382",0.837,0.791,0.618,91.98,-3.157,0.252,0.0773,1.14e-06,0.188,latino,True,72,2019
I'm a Mess,Bebe Rexha,6/15/2018,671869078.0,65.0,"686,180,183","184,425,042",0.63,0.694,0.216,97.005,-6.257,0.00281,0.0253,0.0,0.0719,dance,False,74,2018
Un Ratito,Bad Bunny,5/6/2022,500671737.0,70.0,"204,437,602","66,367,676",0.787,0.546,0.222,93.05,-7.094,0.305,0.0532,4.55e-05,0.122,latino,False,87,2022
FAKE LOVE,BTS,8/24/2018,800203170.0,57.0,"1,349,952,981",,0.557,0.719,0.345,77.502,-4.515,0.00267,0.0371,0.0,0.306,k-pop,False,76,2018
The Sound Of Silence,Disturbed,1/1/2015,777947820.0,70.0,"1,442,138,188","297,856,843",0.322,0.28,0.175,85.794,-9.367,0.468,0.0281,1.1e-06,0.102,alternative,False,41,2015
Higher Power,Coldplay,5/7/2021,349603788.0,63.0,"137,534,459","343,629,235",0.507,0.828,0.489,178.032,-6.023,0.00711,0.0449,2.44e-05,0.261,pop,False,0,2021
Prohibidox,Feid,9/14/2022,289624210.0,70.0,"201,168,669","298,398,790",0.647,0.801,0.517,180.108,-2.946,0.0451,0.249,0.0,0.0628,latin,False,7,2022
Joga o Bum Bum Tam Tam,MC Fioti,6/14/2017,191584138.0,34.0,"1,924,788,325",,0.932,0.485,0.43,131.959,-8.926,0.609,0.0965,0.0295,0.141,funk,True,61,2017
soso,Omah Lay,6/24/2022,167668390.0,71.0,"185,746,447","984,682,218",0.711,0.725,0.53,105.016,-8.315,0.424,0.0941,0.129,0.11,dancehall,False,63,2022
You Say,Lauren Daigle,7/13/2018,542480898.0,68.0,"435,065,136","401,544,074",0.494,0.632,0.0797,147.873,-6.89,0.682,0.0342,0.0,0.0869,alt-rock,False,75,2018
BOOMBAYAH,BLACKPINK,8/8/2016,534374502.0,68.0,"1,785,015,062","368,912,538",0.661,0.836,0.396,124.952,-3.164,0.00268,0.059,0.0,0.497,k-pop,False,77,2016
Last Friday Night (T.G.I.F.),Katy Perry,1/1/2010,1144535829.0,71.0,"1,604,084,148","592,235,618",0.65,0.817,0.728,126.024,-3.826,0.00124,0.0441,1.14e-05,0.658,dance,False,0,2010
295,Sidhu Moose Wala,5/15/2021,267897492.0,68.0,"677,472,355","98,802,368",0.557,0.794,0.432,91.366,-5.698,0.179,0.2,0.0,0.106,hip-hop,False,78,2021
I'm Yours,Jason Mraz,1/1/2008,1878098512.0,72.0,"359,866,287","175,364,993",0.703,0.444,0.712,150.96,-9.331,0.559,0.0417,0.0,0.0973,acoustic,False,80,2008
Wrecked,Imagine Dragons,7/2/2021,309587427.0,64.0,"199,356,851","34,312,597",0.625,0.562,0.229,93.998,-5.828,0.149,0.0289,1.67e-05,0.109,rock,False,2,2021
MANIAC,Stray Kids,3/18/2022,293724552.0,68.0,"343,273,995","866,409,009",0.581,0.8,0.709,119.872,-2.613,0.154,0.411,0.0,0.0697,k-pop,False,80,2022
After LIKE,IVE,8/22/2022,365203093.0,69.0,"281,724,902","49,211,096",0.68,0.922,0.799,125.014,-1.215,0.103,0.121,0.0,0.0877,k-pop,False,88,2022
idontwannabeyouanymore,Billie Eilish,7/21/2017,1091185920.0,72.0,"522,422,864","372,214,292",0.483,0.412,0.247,170.163,-8.461,0.737,0.0402,0.0,0.116,electro,False,81,2017
World's Smallest Violin,AJR,1/1/2021,343227483.0,63.0,"239,480,315","6,292,383,402",0.68,0.697,0.684,116.033,-7.01,0.121,0.0484,0.0,0.661,rock,True,80,2021
Night Changes,One Direction,11/17/2014,1548151634.0,83.0,"948,760,574","1,820,024,186",0.672,0.52,0.37,120.001,-7.747,0.859,0.0353,0.0,0.115,pop,False,88,2014
Still Don't Know My Name,Labrinth,10/4/2019,666107710.0,71.0,"234,005,957","5,185,694,852",0.316,0.63,0.313,89.643,-5.963,0.471,0.117,0.262,0.205,indie-pop,False,80,2019
In Case You Didn't Know,Brett Young,1/1/2016,560774282.0,68.0,"861,165,099","216,533,242",0.607,0.536,0.434,147.986,-7.306,0.386,0.0305,0.0,0.102,country,False,75,2016
I CAN'T STOP ME,TWICE,10/26/2020,384886220.0,65.0,"681,682,229","666,762,692",0.657,0.88,0.769,150.084,-3.672,0.121,0.102,0.0,0.463,k-pop,False,76,2020
Vivir Mi Vida,Marc Anthony,7/23/2013,618671056.0,71.0,"1,398,550,208","302,300,755",0.656,0.877,0.894,105.018,-3.231,0.345,0.0342,0.0,0.349,salsa,False,76,2013
"Lose Yourself - From ""8 Mile"" Soundtrack",Eminem,10/29/2002,2194935773.0,75.0,"1,360,758,976","20,114,190",0.686,0.735,0.0596,171.355,-4.616,0.00921,0.264,0.00066,0.342,hip-hop,True,79,2002
willow,Taylor Swift,12/10/2020,844790027.0,72.0,"189,534,686","212,587,391",0.392,0.579,0.549,80.961,-9.195,0.835,0.164,0.00179,0.145,pop,False,0,2020
Send My Love (To Your New Lover),Adele,11/20/2015,1064599051.0,66.0,"997,993,764","261,382,201",0.688,0.533,0.567,164.069,-8.363,0.0355,0.0865,3.48e-06,0.172,british,False,72,2015
One Last Time,Ariana Grande,8/21/2014,1465918510.0,77.0,"1,101,895,606","285,511,671",0.628,0.593,0.104,125.026,-5.036,0.093,0.0323,1.65e-06,0.096,dance,False,83,2014
Dos Mil 16,Bad Bunny,5/6/2022,426904285.0,71.0,"198,252,709","679,567,159",0.817,0.67,0.495,130.058,-6.534,0.123,0.0506,1.92e-06,0.128,latino,False,87,2022
Bad At Love,Halsey,6/2/2017,635393773.0,59.0,"575,220,523","84,632,348",0.675,0.751,0.612,118.384,-3.539,0.0604,0.0296,0.0,0.0893,electro,False,74,2017
The Adults Are Talking,The Strokes,4/10/2020,457933102.0,76.0,"161,335,622","521,061,584",0.593,0.749,0.649,164.959,-5.67,0.0113,0.0475,0.106,0.314,alt-rock,False,79,2020
Emotionally Scarred,Lil Baby,2/28/2020,289652584.0,63.0,"310,518,713","40,742,074",0.585,0.641,0.266,88.284,-4.269,0.0286,0.133,0.0,0.316,hip-hop,True,2,2020
Burn,Ellie Goulding,1/1/2012,784334383.0,68.0,"1,776,560,692","112,921,980",0.559,0.777,0.329,87.016,-5.031,0.31,0.0432,0.0,0.105,edm,False,71,2012
When We Were Young,Adele,11/20/2015,1284096603.0,71.0,"1,021,758,621","348,333,229",0.376,0.595,0.265,144.361,-5.936,0.303,0.0496,0.0,0.095,british,False,79,2015
Safe And Sound,Capital Cities,1/1/2012,1286089822.0,78.0,"291,434,533","774,957,680",0.655,0.819,0.766,117.956,-4.852,0.000176,0.0316,0.00374,0.104,rock,False,83,2012
Teeth,5 Seconds of Summer,8/21/2019,683247723.0,71.0,"322,965,834","561,046,941",0.756,0.448,0.431,139.031,-2.993,0.0508,0.0404,3.87e-06,0.11,dance,False,79,2019
FEARLESS,LE SSERAFIM,5/2/2022,312942305.0,62.0,"386,459,691","1,245,609,565",0.863,0.62,0.432,103.971,-7.167,0.0508,0.135,0.00324,0.129,k-pop,False,83,2022
Where It Ends,Bailey Zimmerman,8/19/2022,178441881.0,75.0,"24,354,425","161,742,703",0.431,0.837,0.648,170.041,-5.067,0.259,0.0432,0.0,0.0879,country,False,1,2022
Soap,Melanie Martinez,7/10/2015,349538935.0,67.0,"147,735,161","2,568,929,437",0.594,0.689,0.209,168.112,-6.107,0.259,0.148,5.49e-06,0.129,electro,False,0,2015
Tyler Herro,Jack Harlow,10/22/2020,555631717.0,66.0,"124,710,525","148,481,502",0.792,0.793,0.775,123.031,-6.185,0.0872,0.0841,0.0,0.22,k-pop,True,74,2020
Ophelia,The Lumineers,2/5/2016,1274848626.0,70.0,"267,224,710","234,589,315",0.664,0.573,0.566,76.023,-6.519,0.613,0.0277,0.000363,0.0857,folk,False,79,2016
you should see me in a crown,Billie Eilish,7/18/2018,860596912.0,71.0,"520,754,022","397,345,798",0.683,0.534,0.284,150.469,-10.348,0.519,0.189,0.247,0.148,electro,False,0,2018
Dandelions,Ruth B.,4/28/2017,1561518107.0,82.0,"96,339,252","7,603,775,552",0.609,0.692,0.454,116.959,-2.958,0.0157,0.0259,0.0,0.0864,pop,False,90,2017
I Love You So,The Walters,11/28/2014,1410353130.0,83.0,"417,265,571","3,241,952,947",0.575,0.648,0.466,75.977,-4.891,0.583,0.0358,0.0,0.115,indie,False,89,2014
comethru,Jeremy Zucker,9/7/2018,822935346.0,69.0,"659,693,784","581,871,422",0.795,0.178,0.608,93.982,-11.991,0.607,0.0574,0.0,0.623,electro,False,79,2018
Little Dark Age,MGMT,10/17/2017,641453269.0,72.0,"409,991,163","2,500,579,993",0.705,0.712,0.62,97.512,-6.156,0.0102,0.0385,0.000855,0.1,alt-rock,False,83,2017
ELEVEN,IVE,12/1/2021,306760464.0,66.0,"458,931,624","1,292,286,614",0.828,0.731,0.587,119.978,-3.033,0.0617,0.111,0.0,0.048,k-pop,False,79,2021
Hasta el Amanecer,Nicky Jam,1/15/2016,560103803.0,,"1,596,092,291",,0.832,0.608,0.589,94.013,-6.042,0.282,0.0385,0.0,0.0761,latino,False,71,2016
I'm Not The Only One,Sam Smith,1/1/2014,1879966374.0,77.0,"464,847,219","417,275,446",0.684,0.487,0.456,81.997,-5.887,0.495,0.0367,4.57e-06,0.0821,dance,False,1,2014
Chlorine,Twenty One Pilots,10/5/2018,517990518.0,68.0,"721,254,947","67,549,016",0.609,0.674,0.315,90.009,-7.388,0.0735,0.0548,0.06,0.345,rock,False,76,2018
Tennessee Orange,Megan Moroney,9/2/2022,227893586.0,73.0,"30,913,276","117,505,652",0.38,0.488,0.268,156.031,-6.637,0.126,0.029,7.23e-06,0.115,country,False,78,2022
Issues,Julia Michaels,1/13/2017,1214862854.0,69.0,"333,612,581","142,981,272",0.722,0.417,0.451,113.965,-6.825,0.39,0.0618,0.0,0.0612,electro,False,0,2017
Dancing With Your Ghost,Sasha Alex Sloan,6/28/2019,573785235.0,71.0,"67,117,513","1,230,812,968",0.629,0.328,0.389,74.953,-8.284,0.768,0.029,2.5e-05,0.103,electro,False,80,2019
Zaroori Tha,Rahat Fateh Ali Khan,12/31/2017,,,"1,651,471,016",,0.523,0.674,0.239,114.058,-4.832,0.771,0.0328,0.0,0.139,pop-film,False,65,2017
Runaway (U & I),Galantis,10/5/2014,895051532.0,72.0,"619,712,411","730,346,946",0.506,0.805,0.383,126.008,-4.119,0.00711,0.0469,0.00193,0.0856,edm,False,75,2014
Numb,Linkin Park,3/24/2003,1720830668.0,80.0,"2,450,982,330","490,782,499",0.496,0.863,0.243,110.018,-4.153,0.0046,0.0381,0.0,0.639,alternative,False,83,2003
Wagon Wheel,Darius Rucker,1/1/2013,727417273.0,73.0,"563,826,762","101,847,028",0.535,0.661,0.596,148.121,-7.139,0.46,0.0304,0.0,0.142,country,False,1,2013
Out of Time,The Weeknd,2/5/2021,451878749.0,70.0,"221,123,432","233,301,151",0.629,0.763,0.809,93.023,-4.279,0.244,0.0453,0.0,0.312,pop,False,5,2021
About You,The 1975,10/14/2022,350348521.0,75.0,"63,111,604","793,536,731",0.416,0.762,0.461,95.967,-7.385,0.312,0.0279,0.804,0.0559,alt-rock,False,73,2022
Here's Your Perfect,Jamie Miller,4/30/2021,418998816.0,69.0,"349,432,726","1,962,424,177",0.558,0.454,0.424,113.12,-5.335,0.499,0.0551,0.0,0.146,soul,False,78,2021
Lovefool,twocolors,5/8/2020,359757970.0,62.0,"216,865,947","658,030,330",0.677,0.766,0.198,123.062,-6.896,0.0219,0.0568,6.81e-06,0.129,edm,False,72,2020
Never Going Home,Kungs,4/28/2021,304069347.0,63.0,"87,407,927","94,926,621",0.839,0.842,0.96,122.028,-4.703,0.0868,0.0392,0.0981,0.0548,house,False,0,2021
Waiting for the End,Linkin Park,4/12/2024,160127218.0,,,,0.487,0.961,0.323,170.005,-4.139,0.0415,0.132,1.15e-06,0.553,alternative,False,42,2024
Daisy,Ashnikko,7/9/2020,509353753.0,63.0,"231,541,575","842,856,226",0.834,0.663,0.774,121.876,-6.143,0.235,0.133,0.0,0.372,electro,True,71,2020
Stolen Dance,Milky Chance,1/1/2013,1460945792.0,76.0,"224,150,562","2,134,365,963",0.884,0.581,0.728,114.016,-8.813,0.427,0.0378,0.000206,0.0759,german,False,80,2013
Snowman,Sia,11/9/2017,947770190.0,69.0,"417,814,325","5,479,108,705",0.716,0.511,0.324,104.964,-6.257,0.483,0.0332,0.0,0.0928,dance,False,3,2017
Heaven,Kane Brown,10/6/2017,492361216.0,66.0,"697,287,853","74,609,105",0.677,0.556,0.521,80.006,-6.544,0.263,0.0306,0.0,0.105,country,False,73,2017
Kaikai Kitan,Eve,10/3/2020,404765225.0,68.0,"470,390,576","561,999,669",0.584,0.911,0.606,92.502,-3.515,0.0119,0.09,0.0,0.119,anime,False,75,2020
Mary On A Cross,Ghost,9/13/2019,589145587.0,71.0,"235,289,339","569,986,027",0.466,0.9,0.561,130.02,-4.469,0.000235,0.0447,0.00104,0.103,hard-rock,False,88,2019
Go Fuck Yourself,Two Feet,7/29/2016,649191183.0,68.0,"645,296,970","1,557,145,950",0.765,0.327,0.292,74.931,-8.029,0.571,0.277,0.0479,0.0787,indie-pop,True,77,2016
Summertime Sadness,Lana Del Rey,1/1/2011,1442872605.0,79.0,"572,303,765","1,549,975,311",0.559,0.674,0.197,111.976,-6.125,0.0312,0.0329,0.0,0.121,pop,False,0,2011
Acapulco,Jason Derulo,9/3/2021,442260324.0,65.0,"83,588,626","310,298,540",0.774,0.792,0.507,122.062,-4.021,0.051,0.0523,0.0,0.155,dance,False,0,2021
Daddy Issues,The Neighbourhood,10/30/2015,1435372572.0,80.0,"450,121,249","1,122,697,302",0.588,0.521,0.337,85.012,-9.461,0.0678,0.0329,0.149,0.123,alt-rock,False,87,2015
Tu Aake Dekhle,King,9/21/2020,410639967.0,69.0,"619,113,386","61,728,216",0.77,0.84,0.192,96.012,-4.022,0.515,0.107,0.00452,0.145,hip-hop,False,81,2020
Pink + White,Frank Ocean,8/20/2016,1299650856.0,83.0,"158,016,588","442,090,971",0.545,0.545,0.549,159.94,-7.362,0.667,0.107,5.48e-05,0.417,soul,False,85,2016
Space Song,Beach House,8/21/2015,1099069598.0,73.0,"127,534,602","2,588,157,478",0.509,0.79,0.625,147.073,-7.105,0.218,0.0293,0.125,0.144,indie-pop,False,73,2015
Rude,MAGIC!,7/23/2013,,,"2,541,095,833",,0.773,0.758,0.925,144.033,-4.993,0.0422,0.0381,0.0,0.305,reggae,False,81,2013
My Way,Calvin Harris,9/16/2016,1014534913.0,73.0,"615,907,345","56,011,096",0.818,0.913,0.536,119.986,-3.06,0.093,0.0426,3.69e-05,0.161,electro,False,76,2016
Fight Song,Rachel Platten,12/2/2014,897794289.0,69.0,"101,998,780","1,021,462,418",0.564,0.714,0.33,175.924,-4.987,0.0549,0.129,0.0,0.155,rock,False,77,2014
Losing It,FISHER,7/13/2018,523954769.0,67.0,"96,992,359","313,069,043",0.76,0.964,0.643,125.003,-5.844,0.00181,0.0577,0.703,0.0975,house,False,75,2018
Hey Brother,Avicii,1/1/2013,1007623089.0,72.0,"936,816,983","160,676,196",0.545,0.78,0.458,125.014,-4.867,0.0309,0.0436,4.64e-05,0.0828,edm,False,77,2013
Yet To Come,BTS,6/10/2022,344744597.0,64.0,"264,915,434","973,086,190",0.559,0.885,0.683,172.029,-4.515,0.0432,0.189,0.0,0.333,k-pop,False,85,2022
YKWIM?,Yot Club,5/31/2019,675984633.0,75.0,"118,564,792","882,048,158",0.372,0.537,0.228,123.735,-7.623,0.937,0.0305,0.873,0.287,indie-pop,False,84,2019
Bellyache,Billie Eilish,2/24/2017,965899534.0,73.0,"834,705,559","287,094,813",0.695,0.573,0.408,99.939,-8.597,0.46,0.106,0.0734,0.482,electro,False,79,2017
Wait a Minute!,WILLOW,1/11/2015,1081039358.0,73.0,"422,709,495","2,051,079,047",0.764,0.705,0.672,101.003,-5.279,0.0371,0.0278,1.94e-05,0.0943,pop,False,69,2015
Ojos Marrones,Lasso,6/3/2022,370988405.0,68.0,"69,184,223","1,614,554,007",0.804,0.642,0.687,119.996,-4.418,0.0442,0.0431,0.0,0.197,latin,False,0,2022
Typa Girl,BLACKPINK,9/16/2022,357054107.0,66.0,"199,710,937","790,229,870",0.918,0.585,0.519,131.966,-7.781,0.0627,0.0889,0.0,0.624,k-pop,True,82,2022
Next Level,aespa,5/17/2021,245384123.0,68.0,"514,192,282","693,149,332",0.82,0.852,0.82,109.036,-2.567,0.488,0.166,5.94e-06,0.0907,k-pop,False,74,2021
Whiskey Glasses,Morgan Wallen,7/29/2016,806728296.0,75.0,"429,423,484","74,890,093",0.614,0.68,0.707,149.959,-4.58,0.369,0.0289,1.84e-06,0.115,country,False,81,2016
Mercy,Shawn Mendes,8/18/2016,1351515181.0,74.0,"602,907,962","169,125,285",0.555,0.662,0.356,148.128,-4.952,0.125,0.0827,0.0,0.111,dance,False,82,2016
Mount Everest,Labrinth,6/21/2019,612159812.0,72.0,"218,832,200","3,490,816,416",0.494,0.428,0.44,87.724,-7.239,0.236,0.205,0.0698,0.0816,indie-pop,True,83,2019
Wildest Dreams,Taylor Swift,1/1/2014,964058806.0,70.0,"930,982,185","1,025,978,293",0.553,0.664,0.467,140.06,-7.417,0.0709,0.0741,0.0056,0.106,pop,False,80,2014
Rolling in the Deep - Acapella,Adele,1/16/2011,11170019.0,36.0,"2,522,903,197",,0.736,0.142,0.476,105.034,-16.603,0.771,0.0385,0.0,0.0735,british,False,49,2011
In My Head,Lil Tjay,4/1/2022,237061046.0,63.0,"47,378,172","3,442,700",0.684,0.545,0.407,143.049,-6.885,0.159,0.121,0.0,0.102,r-n-b,True,79,2022
River,Bishop Briggs,1/22/2016,547304707.0,68.0,"566,895,107","4,144,883,692",0.726,0.484,0.561,62.492,-6.708,0.274,0.0477,2.42e-06,0.0874,alt-rock,False,0,2016
Dil Diyan Gallan,Atif Aslam,12/12/2017,204127666.0,65.0,"1,326,806,818","60,784,930",0.717,0.64,0.485,105.021,-8.726,0.565,0.025,0.00139,0.127,pop-film,False,64,2017
The Real Slim Shady,Eminem,1/1/2000,1798020679.0,81.0,"961,666,231","771,015,965",0.949,0.661,0.76,104.504,-4.244,0.0302,0.0572,0.0,0.0454,hip-hop,True,87,2000
I Gotta Feeling,Black Eyed Peas,1/1/2009,1423655688.0,76.0,"190,741,649","680,999,560",0.746,0.793,0.656,127.973,-5.725,0.0519,0.0265,0.0,0.421,dance,False,1,2009
WANNABE,ITZY,3/9/2020,365845397.0,66.0,"731,488,947","362,463,277",0.809,0.911,0.64,122.035,-4.41,0.00795,0.0617,0.000179,0.181,k-pop,False,74,2020
Your Power,Billie Eilish,4/29/2021,423439672.0,68.0,"170,437,339","347,631,092",0.632,0.284,0.208,129.642,-14.025,0.932,0.0801,0.000476,0.233,electro,False,77,2021
Baila Baila Baila,Ozuna,1/5/2019,563326343.0,64.0,"619,678,799","13,221,298",0.837,0.626,0.592,99.987,-5.674,0.0588,0.152,0.0,0.252,latino,False,70,2019
Psycho,Red Velvet,12/23/2019,471042668.0,66.0,"716,847,469","222,663,523",0.664,0.666,0.405,139.987,-2.203,0.193,0.0446,0.0,0.0854,k-pop,False,75,2019
A Tu Merced,Bad Bunny,2/29/2020,778269101.0,70.0,"357,643,934","287,886,349",0.86,0.791,0.887,92.023,-4.784,0.169,0.0568,0.000106,0.106,latino,False,83,2020
Stuck In The Middle,Tai Verdes,5/29/2020,143421888.0,54.0,"23,355,896","6,940,732,133",0.862,0.564,0.836,119.952,-6.566,0.278,0.0425,0.0,0.0935,indie-pop,True,66,2020
Just Pretend,Bad Omens,2/25/2022,209635991.0,71.0,"26,381,437","231,239,811",0.449,0.831,0.211,140.091,-4.668,0.00257,0.0835,0.00119,0.0998,metalcore,False,71,2022
Yo No Soy Celoso,Bad Bunny,5/6/2022,370800055.0,68.0,"130,681,979","123,346,772",0.872,0.588,0.93,142.004,-6.276,0.275,0.0492,0.0,0.17,latino,True,85,2022
Fire On Fire,Sam Smith,12/21/2018,697834321.0,70.0,"408,377,555","1,362,132,192",0.584,0.408,0.333,115.129,-7.356,0.476,0.0461,0.0,0.18,dance,False,78,2018
Drag Me Down,One Direction,7/31/2015,1125333823.0,76.0,"1,124,359,897","175,883,717",0.73,0.703,0.595,138.113,-5.672,0.109,0.0369,0.0,0.0657,pop,False,80,2015
the perfect pair,beabadoobee,7/15/2022,230129740.0,72.0,"34,590,747","369,833,975",0.634,0.663,0.6,146.053,-6.818,0.433,0.0331,0.124,0.102,indie-pop,False,77,2022
Sofia,Clairo,7/26/2019,728920951.0,74.0,"168,855,750","313,505,897",0.744,0.619,0.641,112.997,-9.805,0.598,0.039,0.00372,0.231,indie-pop,False,81,2019
Revenge,XXXTENTACION,5/18/2017,1356969354.0,53.0,"74,514,608",,0.746,0.251,0.18,139.999,-16.169,0.782,0.259,0.00203,0.106,emo,True,87,2017
Rojo,J Balvin,2/27/2020,606603985.0,68.0,"411,037,239","118,448,922",0.652,0.595,0.421,172.277,-4.04,0.15,0.117,0.000106,0.0836,latin,False,5,2020
Midnight City,M83,1/1/2011,1081517243.0,72.0,"82,397,805","1,010,922,723",0.507,0.729,0.272,105.013,-5.399,0.0182,0.0393,1.4e-06,0.0658,french,False,76,2011
Ginza,J Balvin,6/23/2015,521328627.0,70.0,"1,067,816,466","122,727,381",0.749,0.815,0.866,102.218,-6.381,0.228,0.083,0.00117,0.0838,latin,False,0,2015
Dancing in My Room,347aidan,10/26/2020,335188091.0,61.0,"122,687,107","3,434,097,182",0.98,0.413,0.764,119.993,-11.052,0.671,0.101,7.95e-05,0.17,sad,True,74,2020
Personal,HRVY,11/30/2017,314089265.0,58.0,"355,189,118","940,593,293",0.755,0.536,0.882,138.969,-5.605,0.114,0.12,0.0,0.0282,dance,False,70,2017
It's Plenty,Burna Boy,7/1/2022,134909945.0,62.0,"84,020,549","282,521,651",0.776,0.565,0.53,107.035,-10.609,0.36,0.105,8.81e-05,0.308,dancehall,True,75,2022
Why'd You Only Call Me When You're High?,Arctic Monkeys,1/1/2013,1687828519.0,80.0,"527,397,003","45,596,295",0.691,0.631,0.8,92.004,-6.478,0.0483,0.0368,1.13e-05,0.104,garage,False,88,2013
Never Be the Same,Camila Cabello,12/17/2017,862685616.0,71.0,"508,394,938","665,573,579",0.637,0.713,0.243,129.923,-4.333,0.181,0.0747,0.000637,0.137,dance,False,74,2017
If I Can't Have You,Shawn Mendes,5/25/2018,1015502663.0,67.0,"290,850,550","102,264,948",0.69,0.809,0.864,123.912,-4.198,0.524,0.0603,0.0,0.147,dance,False,0,2018
august,Taylor Swift,7/24/2020,1101296591.0,79.0,"143,962,401","779,402,493",0.532,0.623,0.403,89.937,-9.208,0.538,0.0331,7.28e-05,0.0925,pop,False,86,2020
FANCY,TWICE,4/22/2019,475639302.0,67.0,"816,491,835","423,648,556",0.697,0.874,0.775,132.018,-2.15,0.0122,0.0449,0.0,0.627,k-pop,False,76,2019
Take My Name,Parmalee,7/9/2021,120964748.0,61.0,"13,919,928","43,546,200",0.559,0.66,0.574,163.957,-4.143,0.222,0.0512,0.0,0.193,country,False,33,2021
Good Feeling,Flo Rida,1/1/2011,662305046.0,72.0,"722,325,299","139,200,114",0.706,0.89,0.685,128.012,-4.447,0.0588,0.0687,0.00288,0.305,dance,False,1,2011
Cool Kids,Echosmith,6/11/2013,570026061.0,66.0,"264,363,262","9,749,942,173",0.719,0.671,0.786,130.027,-6.279,0.0372,0.0336,8.21e-06,0.12,indie-pop,False,77,2013
Smells Like Teen Spirit,Nirvana,9/16/2015,87429.0,,"1,932,243,086",,0.502,0.912,0.72,116.761,-4.556,2.55e-05,0.0564,0.000173,0.106,alt-rock,False,83,2015
Antidote,Travis Scott,7/28/2015,693552475.0,68.0,"484,191,598","100,004,969",0.713,0.526,0.131,131.05,-5.046,0.00767,0.032,0.000148,0.124,house,True,74,2015
Tu Falta De Querer,Mon Laferte,8/21/2015,522954525.0,73.0,"1,362,091,486","155,253,912",0.394,0.473,0.45,129.996,-7.935,0.0247,0.0281,0.00684,0.112,alternative,False,0,2015
Truth Hurts,Lizzo,3/9/2016,990118320.0,65.0,"111,217,546","548,222,747",0.715,0.622,0.407,158.088,-3.046,0.11,0.111,0.0,0.123,hip-hop,True,1,2016
Aguacero,Bad Bunny,5/6/2022,342075557.0,68.0,"128,273,450","1,873,295,908",0.861,0.645,0.668,121.391,-6.96,0.423,0.0743,0.000592,0.349,latino,False,84,2022
Quiere Beber,Anuel AA,7/17/2018,432365949.0,66.0,"754,077,455","34,316,786",0.773,0.57,0.772,95.038,-3.482,0.372,0.113,0.00524,0.108,latino,False,71,2018
TE MUDASTE,Bad Bunny,11/27/2020,717202437.0,71.0,"213,527,195","253,170,602",0.811,0.637,0.471,92.025,-4.835,0.234,0.0591,0.000572,0.118,latino,True,81,2020
Vacation,Dirty Heads,8/11/2017,253490559.0,20.0,"157,050,046","4,610,799,658",0.736,0.751,0.839,150.064,-5.588,0.0381,0.034,0.0,0.105,reggae,True,66,2017
CASE 143,Stray Kids,10/7/2022,195260412.0,66.0,"188,978,133","1,397,216,002",0.812,0.89,0.69,100.006,-2.661,0.0961,0.209,0.0,0.0222,k-pop,False,82,2022
Give It To Me - Full Vocal Mix,Matt Sassari,10/22/2021,476476352.0,78.0,"780,251","12,295,262",0.874,0.869,0.726,126.027,-5.996,0.00116,0.0315,0.00238,0.164,french,False,79,2021
Best Day Of My Life,American Authors,1/1/2013,999525686.0,74.0,"349,753,696","329,470,084",0.673,0.902,0.538,100.012,-2.392,0.0591,0.0346,0.000262,0.0558,indie-pop,False,79,2013
Heart Attack,Demi Lovato,1/1/2013,826593536.0,74.0,"898,024,937","792,708,732",0.504,0.785,0.502,173.968,-4.802,0.0738,0.104,0.0,0.239,dance,False,78,2013
Dura,Daddy Yankee,1/18/2018,659555409.0,65.0,"156,299,320","493,591,477",0.783,0.84,0.838,95.002,-3.416,0.174,0.051,0.0,0.412,hip-hop,False,0,2018
2002,Anne-Marie,1/1/2015,1531490541.0,73.0,"391,667,255","892,595,513",0.697,0.683,0.603,96.133,-2.881,0.0372,0.117,0.0,0.137,dance,False,82,2015
Let You Love Me,Rita Ora,9/21/2018,527760843.0,59.0,"684,308,632","367,325,979",0.521,0.861,0.473,191.618,-3.138,0.261,0.319,0.0,0.0682,edm,False,56,2018
Never Gonna Give You Up (2022 - Remaster),Rick Astley,5/20/2022,839345554.0,23.0,,,0.738,0.976,0.898,113.436,-7.105,0.0615,0.0421,1.78e-05,0.17,synth-pop,False,14,2022
Million Dollar Baby,Ava Max,9/1/2022,106218899.0,60.0,"54,371,720","44,940,300",0.667,0.858,0.641,133.039,-2.268,0.0367,0.0926,1.47e-05,0.325,dance,False,4,2022
No Money,Galantis,4/1/2016,872428879.0,60.0,"114,782,349","239,961,275",0.674,0.915,0.78,126.038,-3.999,0.0282,0.0411,0.00337,0.273,edm,False,68,2016
Oklahoma Smokeshow,Zach Bryan,7/15/2022,283406755.0,77.0,"62,279,409","49,171,406",0.544,0.573,0.233,122.977,-5.694,0.0958,0.0356,0.0,0.104,country,False,3,2022
Little Talks,Of Monsters and Men,1/1/2011,1050676021.0,75.0,"95,461,283","162,004,699",0.446,0.76,0.346,103.295,-4.725,0.0159,0.0321,0.0,0.319,folk,False,0,2011
Love Tonight - Edit,Shouse,12/14/2017,450102131.0,65.0,,"513,770,838",0.727,0.681,0.448,123.028,-7.114,0.00214,0.0265,0.000307,0.0861,house,False,78,2017
Leave a Light On,Tom Walker,10/13/2017,616379687.0,65.0,"348,579,880","205,457,689",0.586,0.624,0.267,68.976,-5.946,0.0153,0.113,1.78e-06,0.133,folk,False,71,2017
More Than You Know,Axwell /\ Ingrosso,5/24/2017,1346174222.0,75.0,"68,221,936","87,048,066",0.646,0.741,0.571,123.077,-4.973,0.0275,0.034,0.0,0.312,dance,False,80,2017
Mala Fama,Danna Paola,3/28/2019,346737588.0,62.0,"859,633,229","141,133,651",0.763,0.578,0.818,175.959,-3.894,0.2,0.0852,5.12e-06,0.0595,latin,False,1,2019
banking on me,Gunna,1/7/2022,170941932.0,62.0,"68,412,662","101,411,557",0.793,0.308,0.46,135.143,-10.414,0.613,0.0466,1.68e-05,0.0953,hip-hop,True,0,2022
Paris,The Chainsmokers,1/13/2017,1188567787.0,68.0,"96,234,317","388,633,141",0.653,0.658,0.219,99.99,-6.428,0.0215,0.0304,1.66e-06,0.0939,dance,False,74,2017
Softcore,The Neighbourhood,3/9/2018,915401494.0,80.0,"223,385,717","1,120,661,792",0.575,0.568,0.37,93.986,-5.509,0.0484,0.03,0.000417,0.286,alt-rock,False,86,2018
Replay,Iyaz,1/1/2009,941989512.0,74.0,"680,420,701","239,082,117",0.706,0.751,0.195,91.031,-6.323,0.173,0.0708,0.0,0.168,dance,False,76,2009
We Rollin,Shubh,9/17/2021,258337879.0,65.0,"297,136,479","226,438,634",0.82,0.504,0.275,85.016,-9.113,0.261,0.141,7e-06,0.104,hip-hop,True,79,2021
Savage,aespa,10/5/2021,222400657.0,68.0,"399,807,694","936,285,256",0.727,0.879,0.671,146.959,-1.167,0.124,0.129,1.17e-05,0.244,k-pop,False,74,2021
Mad at Disney,salem ilese,6/24/2020,335604759.0,3.0,"155,802,565","2,759,903,957",0.738,0.621,0.715,113.968,-7.313,0.424,0.0486,7.39e-06,0.692,indie-pop,False,72,2020
Beautiful Girl,Luciano,4/28/2022,191569959.0,57.0,"55,509,965","129,718,183",0.839,0.412,0.607,139.901,-8.816,0.287,0.0935,0.000796,0.101,german,False,78,2022
I Feel Like I'm Drowning,Two Feet,11/10/2017,503915156.0,72.0,"395,172,100","485,983,172",0.717,0.577,0.235,104.927,-5.436,0.708,0.0491,0.00428,0.0899,indie-pop,False,78,2017
Someone To You,BANNERS,6/9/2017,840041803.0,70.0,"219,305,472","1,133,729,550",0.52,0.903,0.652,74.988,-5.497,0.00517,0.042,0.0,0.254,indie-pop,False,77,2017
Poker Face,Lady Gaga,1/1/2008,1285242562.0,77.0,"256,379,013","1,231,170,484",0.851,0.818,0.808,119.006,-4.637,0.112,0.0789,2.94e-06,0.0945,dance,False,3,2008
Notion,The Rare Occasions,8/5/2016,597718233.0,76.0,"152,225,528","1,985,146,213",0.309,0.883,0.312,159.488,-3.825,0.0673,0.0808,0.00111,0.0849,indie,False,83,2016
As the World Caves In,Sarah Cothran,6/10/2021,285568439.0,65.0,"161,956,855","1,818,254,854",0.422,0.25,0.246,124.026,-6.836,0.441,0.0351,0.0,0.35,singer-songwriter,False,76,2021
Mr. Brightside,The Killers,1/1/2004,2174022106.0,81.0,"183,968,852","294,739,225",0.344,0.931,0.251,148.104,-3.759,0.00104,0.0783,0.0,0.0903,alt-rock,False,2,2004
Black Swan,BTS,1/17/2020,459923962.0,64.0,"603,350,721","535,835,122",0.719,0.757,0.489,147.024,-5.167,0.137,0.0849,0.0,0.129,k-pop,False,74,2020
HOT,SEVENTEEN,5/27/2022,210513394.0,67.0,"270,821,476","797,795,448",0.765,0.777,0.64,111.944,-4.376,0.0539,0.0399,2.58e-06,0.338,k-pop,False,80,2022
What is Love,TWICE,4/9/2018,442941122.0,67.0,"885,861,488","995,480,226",0.574,0.909,0.569,169.966,-1.573,0.0987,0.0658,0.0,0.264,k-pop,False,75,2018
Washing Machine Heart,Mitski,8/17/2018,743015700.0,77.0,"177,148,832","1,004,422,009",0.613,0.822,0.567,105.997,-4.087,0.0092,0.026,0.506,0.429,indie-pop,False,83,2018
Ball If I Want To,DaBaby,6/18/2021,216934691.0,60.0,"70,627,607","1,016,363,322",0.902,0.669,0.628,139.949,-5.049,0.161,0.457,0.0,0.0728,hip-hop,True,0,2021
Limbo,Daddy Yankee,1/1/2012,508914869.0,70.0,"1,529,347,092","73,318,392",0.805,0.878,0.922,124.994,-3.826,0.0754,0.0864,0.00329,0.0656,hip-hop,False,4,2012
Hayloft II,Mother Mother,1/28/2022,216252006.0,70.0,"164,171,809","3,837,839",0.326,0.866,0.172,178.181,-4.541,0.0044,0.101,7.37e-06,0.0912,indie,False,78,2022
Myself,Bazzi,4/12/2018,279105227.0,59.0,"138,981,651","4,596,936,089",0.745,0.561,0.902,195.918,-5.513,0.465,0.072,1.12e-06,0.0338,electro,False,68,2018
LOCO,ITZY,9/24/2021,259023338.0,63.0,"381,462,973","909,400,567",0.759,0.886,0.489,102.065,-3.067,0.0103,0.187,2.04e-05,0.342,k-pop,False,76,2021
Handle On You,Parker McCollum,8/5/2022,103858433.0,63.0,"23,571,548","32,959,012",0.588,0.931,0.625,105.027,-3.925,0.00411,0.0318,0.0,0.345,country,False,1,2022
Tunnel Vision,Kodak Black,2/17/2017,654828389.0,68.0,"97,450,066","86,649,600",0.497,0.489,0.231,171.853,-7.724,0.0576,0.294,9.91e-05,0.122,hip-hop,True,0,2017
Walking On A Dream,Empire Of The Sun,1/1/2008,923637058.0,74.0,"326,484,288","1,346,152,082",0.871,0.701,0.716,126.975,-5.594,0.257,0.0458,7.52e-06,0.0589,alt-rock,False,79,2008
Nail Tech,Jack Harlow,2/18/2022,224376030.0,56.0,"67,524,036","205,572,867",0.647,0.581,0.113,150.149,-7.678,0.0029,0.0884,7.76e-06,0.119,hip-hop,True,1,2022
"Burn, Burn, Burn",Zach Bryan,9/8/2022,261905370.0,75.0,"23,316,855","16,825,671",0.508,0.296,0.134,82.532,-10.513,0.897,0.0755,5e-05,0.11,country,False,0,2022
Put Your Records On,Ritt Momney,4/24/2020,600521313.0,65.0,"50,025,071","79,947,183",0.399,0.491,0.151,91.066,-10.778,0.0563,0.0538,0.00089,0.11,indie-pop,False,77,2020
Feel Good Inc.,Gorillaz,5/23/2005,1407382497.0,78.0,"1,211,241,854","1,396,761,942",0.818,0.705,0.772,138.559,-6.679,0.00836,0.177,0.00233,0.613,alternative,False,84,2005
Me And My Broken Heart,Rixton,1/1/2014,733931275.0,71.0,"535,024,991","47,138,593",0.545,0.783,0.551,174.084,-4.261,0.00489,0.0345,0.0,0.132,dance,False,79,2014
Ain't Your Mama,Jennifer Lopez,4/7/2016,478791369.0,63.0,"964,694,090","281,205,271",0.757,0.678,0.82,120.075,-5.529,0.0472,0.233,9.14e-06,0.0654,dance,False,71,2016
The Bones,Maren Morris,2/22/2019,461420009.0,63.0,"97,498,335","123,888,567",0.612,0.57,0.334,77.004,-6.642,0.278,0.0347,0.0,0.0963,country,False,75,2019
Beat the Odds,Lil Tjay,8/26/2022,115581471.0,60.0,"46,251,839","93,356,963",0.498,0.625,0.478,84.821,-7.452,0.054,0.342,0.0,0.175,r-n-b,True,81,2022
I Wanna Be Yours,Arctic Monkeys,1/1/2013,2185240293.0,86.0,"109,538,379","105,020,737",0.464,0.417,0.479,67.528,-9.345,0.136,0.0256,0.022,0.0974,garage,False,92,2013
Story of My Life,One Direction,10/28/2013,1275036167.0,79.0,"264,658,339","862,277,477",0.6,0.663,0.286,121.07,-5.802,0.225,0.0477,0.0,0.119,pop,False,83,2013
Black Summer,Red Hot Chili Peppers,2/4/2022,128264127.0,57.0,"57,252,735","20,590,526",0.417,0.682,0.351,105.542,-5.071,0.0267,0.0295,0.000669,0.109,alt-rock,False,1,2022
Sofia,Alvaro Soler,4/15/2016,353525330.0,65.0,"1,004,545,222","151,019,644",0.689,0.711,0.914,128.005,-6.077,0.0732,0.0316,0.0,0.13,latin,False,1,2016
Those Eyes,New West,5/10/2019,785139012.0,73.0,"147,215,663","594,352,793",0.597,0.351,0.243,119.948,-8.043,0.727,0.0281,3.86e-05,0.319,indie,False,82,2019
Girl On Fire,Alicia Keys,1/1/2012,646295324.0,71.0,"719,570,982","1,264,756,176",0.482,0.706,0.144,92.513,-5.762,0.135,0.0607,0.00106,0.105,soul,False,77,2012
Budapest,George Ezra,11/3/2013,1142061871.0,79.0,"265,620,751","42,711,557",0.717,0.455,0.389,127.812,-8.303,0.0846,0.0276,0.0,0.11,folk,False,79,2013
Alcohol-Free,TWICE,6/9/2021,224295163.0,62.0,"398,036,555","811,061,720",0.688,0.909,0.702,97.097,-1.992,0.0474,0.0624,1.35e-06,0.0674,k-pop,False,72,2021
Voices In My Head,Falling In Reverse,5/31/2022,122568479.0,68.0,"109,752,215","33,939,631",0.546,0.898,0.639,173.17,-3.067,0.0266,0.162,0.0,0.129,metal,True,73,2022
Reckless,Madison Beer,6/4/2021,504851489.0,66.0,"156,937,871","763,454,337",0.386,0.426,0.261,180.104,-6.642,0.807,0.0363,0.0,0.14,electro,False,80,2021
Cuando Nadie Ve,Morat,6/8/2018,621596476.0,72.0,"761,391,767","84,607,917",0.804,0.788,0.837,96.007,-4.586,0.118,0.0598,0.0,0.215,latin,False,0,2018
Sakhiyaan,Maninder Buttar,10/21/2018,177496669.0,65.0,"776,438,148","339,486,868",0.706,0.674,0.359,83.001,-5.932,0.3,0.044,0.0,0.202,hip-hop,False,73,2018
IDGAF,Dua Lipa,6/2/2017,1583012380.0,71.0,"223,607,979","135,618,240",0.836,0.544,0.51,97.028,-5.975,0.0403,0.0943,0.0,0.0824,dance,True,80,2017
Lush Life,Zara Larsson,6/5/2015,1429205245.0,78.0,"156,015,402","323,351,717",0.694,0.712,0.799,98.023,-3.923,0.132,0.046,0.0,0.211,dance,False,78,2015
Say Something,A Great Big World,11/4/2013,1064534331.0,65.0,"113,298,251","339,277,915",0.447,0.158,0.142,140.942,-7.571,0.872,0.036,1.58e-06,0.0816,acoustic,False,57,2013
"Sex, Drugs, Etc.",Beach Weather,11/4/2016,818926915.0,77.0,"85,879,643","478,999,463",0.572,0.839,0.465,143.969,-5.083,0.013,0.0377,0.00976,0.522,rock,False,90,2016
Californication,Red Hot Chili Peppers,6/8/1999,1405353677.0,79.0,"1,518,596,886","226,008,149",0.592,0.765,0.327,96.483,-2.788,0.0021,0.027,0.00154,0.127,alt-rock,False,2,1999
Zombie,Bad Wolves,1/19/2018,391235723.0,6.0,"133,338,318","193,481,131",0.448,0.826,0.19,77.093,-3.244,0.00756,0.0319,0.0,0.117,alternative,False,69,2018
ONLY,LeeHi,8/27/2021,335212411.0,71.0,"154,369,917","1,513,137,827",0.536,0.296,0.151,122.907,-7.451,0.892,0.0346,0.0,0.0873,k-pop,False,77,2021
Baby Shark,Super Simple Songs,3/24/2017,53980875.0,55.0,"1,065,036,315","386,999",0.747,0.395,0.702,148.139,-11.447,0.222,0.0453,0.0,0.047,children,False,61,2017
Blood // Water,grandson,10/27/2017,658966178.0,68.0,"218,493,561","1,291,420,904",0.51,0.882,0.653,154.029,-5.659,0.00158,0.159,0.00206,0.0764,alt-rock,False,75,2017
This Town,Niall Horan,9/29/2016,957810500.0,74.0,"174,370,096","159,860,013",0.677,0.401,0.195,111.825,-8.467,0.712,0.0308,0.0,0.116,dance,False,80,2016
Die A Happy Man,Thomas Rhett,1/1/2015,622198235.0,66.0,"281,739,663","18,928,214",0.59,0.389,0.389,166.055,-9.245,0.411,0.0387,1.48e-06,0.117,country,False,1,2015
Fed Up,Ghostemane,10/21/2020,219841054.0,64.0,"128,686,770","1,206,875,855",0.849,0.758,0.0684,115.058,-7.498,0.499,0.256,0.695,0.147,hip-hop,True,76,2020
Panic Room,Au/Ra,2/9/2018,256361762.0,63.0,"183,409,458","298,147,047",0.495,0.426,0.0636,97.91,-9.434,0.152,0.0736,5.65e-06,0.099,edm,False,72,2018
Overwhelmed,Royal & the Serpent,6/26/2020,189175699.0,62.0,"14,575,452","2,001,548,087",0.804,0.323,0.456,87.019,-11.127,0.308,0.305,0.0,0.15,alternative,False,70,2020
Good as Hell,Lizzo,3/9/2016,627625151.0,66.0,"275,081,528","1,187,485,509",0.682,0.919,0.535,95.983,-3.18,0.256,0.0874,0.0,0.443,hip-hop,False,0,2016
Kya Baat Ay,Harrdy Sandhu,9/24/2018,115373265.0,60.0,"743,095,293","440,380,121",0.849,0.592,0.652,89.966,-4.309,0.632,0.102,2.39e-06,0.108,pop,False,68,2018
Nira Ishq,Guri,2/21/2019,102266938.0,61.0,"531,503,711","544,172,370",0.703,0.609,0.696,89.929,-7.3,0.111,0.0444,0.0,0.0515,hip-hop,False,69,2019
STARGAZING,Travis Scott,8/3/2018,740409304.0,70.0,"211,251,366","50,313,512",0.487,0.789,0.0564,150.007,-3.69,0.00947,0.044,4.05e-06,0.189,house,True,75,2018
Girls,aespa,7/8/2022,115406939.0,62.0,"267,348,363","401,260,794",0.57,0.974,0.65,171.958,-0.173,0.115,0.325,0.000594,0.125,k-pop,False,78,2022
Classic,MKTO,1/1/2012,1350428257.0,78.0,"343,526,777","3,172,500,312",0.72,0.791,0.756,102.071,-4.689,0.0384,0.124,0.0,0.157,rock,False,82,2012
"Paint It, Black",The Rolling Stones,7/26/2023,1196773729.0,,,,0.496,0.858,0.773,159.69,-7.927,0.0133,0.0922,0.0675,0.349,british,False,1,2023
Sunshine,OneRepublic,11/10/2021,426609723.0,73.0,"21,063,557","85,043,400",0.697,0.875,0.774,140.069,-4.621,0.137,0.034,0.0,0.28,piano,False,1,2021
Walk,Kodak Black,9/16/2022,62323136.0,54.0,"34,075,392","25,342,217",0.817,0.512,0.17,130.04,-6.943,0.037,0.0984,0.0,0.216,hip-hop,True,0,2022
Animals,Martin Garrix,1/1/2013,413855724.0,61.0,"62,878,984","170,836,810",0.676,0.857,0.0378,128.01,-6.7,0.00149,0.0391,0.674,0.307,dance,True,56,2013
Jar of Hearts,Christina Perri,7/27/2010,534874667.0,65.0,"562,197,656","109,689,471",0.373,0.348,0.0899,74.885,-6.142,0.728,0.0314,0.0,0.12,rock,False,0,2010
I Won't Give Up,Jason Mraz,1/1/2012,850863163.0,62.0,"21,096,118","77,268,402",0.483,0.303,0.139,133.406,-10.058,0.694,0.0429,0.0,0.115,acoustic,False,69,2012
I GUESS I'M IN LOVE,Clinton Kane,8/20/2021,416972132.0,63.0,"27,881,902","1,003,766,991",0.422,0.34,0.223,77.213,-6.577,0.877,0.0351,1.77e-05,0.149,singer-songwriter,False,77,2021
Sweet Child O' Mine,Guns N' Roses,7/21/1987,1879386440.0,80.0,"2,007,460,784","673,282,408",0.454,0.91,0.629,125.116,-7.766,0.0866,0.0448,0.0996,0.116,hard-rock,True,84,1987
Bring Me To Life,Evanescence,1/1/2003,1129346989.0,79.0,"1,380,253,721","906,228,976",0.318,0.943,0.298,189.985,-3.188,0.00721,0.107,2.06e-06,0.242,alternative,False,0,2003
In Da Club,50 Cent,8/26/2011,10163724.0,,"2,248,807,705",,0.899,0.713,0.777,90.051,-2.752,0.255,0.366,0.0,0.0708,hip-hop,True,83,2011
Show Me How,Men I Trust,2/28/2018,466462034.0,20.0,"91,890,599","1,503,260,547",0.791,0.267,0.544,165.99,-11.997,0.674,0.0415,0.534,0.102,indie-pop,False,79,2018
Joro,Wizkid,9/30/2019,117819788.0,59.0,"312,077,132","1,866,473,503",0.686,0.694,0.587,189.998,-3.693,0.253,0.257,0.000904,0.109,dancehall,False,66,2019
all the good girls go to hell,Billie Eilish,3/29/2019,640099263.0,68.0,"342,695,701","204,727,914",0.854,0.446,0.57,92.545,-8.957,0.313,0.198,0.215,0.156,electro,False,0,2019
505,Arctic Monkeys,4/21/2007,1660504577.0,80.0,"611,110,729","229,596,064",0.526,0.866,0.248,140.266,-5.822,0.00287,0.0568,7.78e-05,0.0945,garage,False,88,2007
Colors,Black Pumas,4/16/2019,215492373.0,67.0,"291,742,629","64,559,724",0.391,0.692,0.56,180.008,-6.543,0.0946,0.0462,1.58e-05,0.191,soul,False,67,2019
Flowers,Lauren Spencer Smith,4/14/2022,260183209.0,65.0,"64,169,463","295,540,554",0.684,0.449,0.341,66.165,-9.738,0.869,0.611,0.0,0.0881,singer-songwriter,True,0,2022
You're Somebody Else,flora cash,4/21/2017,473059298.0,62.0,"302,782,709","793,624,604",0.713,0.452,0.235,102.963,-9.638,0.841,0.0295,0.0038,0.105,folk,False,75,2017
Formula,Labrinth,10/4/2019,836491531.0,79.0,"95,215,206","1,679,330,230",0.574,0.664,0.226,144.654,-6.068,0.0448,0.0409,0.0553,0.146,indie-pop,False,83,2019
WA DA DA,Kep1er,1/3/2022,172657413.0,54.0,"272,201,730","1,992,357,477",0.785,0.907,0.685,126.004,-2.657,0.00122,0.0938,3.11e-06,0.213,k-pop,False,74,2022
Seven Nation Army,The White Stripes,1/1/2003,1657866786.0,81.0,"339,571,990","1,394,903,550",0.743,0.446,0.278,123.596,-7.807,0.0039,0.0683,0.118,0.337,alt-rock,False,84,2003
Little Do You Know,Alex & Sierra,1/1/2014,732651478.0,65.0,"511,428,536","663,477,196",0.5,0.292,0.37,145.879,-8.554,0.746,0.0323,0.0,0.188,pop,False,77,2014
idfc,blackbear,10/26/2014,703008289.0,65.0,"676,519,290","1,202,118,262",0.718,0.422,0.455,144.678,-9.115,0.0764,0.0621,0.0,0.17,electro,True,81,2014
Cry,Cigarettes After Sex,10/25/2019,499764238.0,78.0,"100,443,510","438,475,493",0.406,0.399,0.163,142.83,-10.449,0.756,0.0278,0.678,0.112,ambient,False,76,2019
Tequila,Dan + Shay,1/10/2018,601987422.0,65.0,"54,165,764","43,174,144",0.489,0.581,0.494,86.016,-5.731,0.0312,0.0281,0.0,0.132,country,False,72,2018
Polaroid Love,ENHYPEN,1/10/2022,283455095.0,68.0,"153,119,745","2,468,865,989",0.738,0.67,0.651,138.055,-3.766,0.458,0.0439,0.0,0.361,anime,False,78,2022
Lemon,Kenshi Yonezu,3/14/2018,194955459.0,63.0,"918,297,076","19,949,350",0.525,0.646,0.373,86.957,-4.963,0.304,0.0268,0.0,0.297,anime,False,70,2018
SNEAKERS,ITZY,7/15/2022,95952617.0,56.0,"259,567,120","745,339,618",0.935,0.849,0.551,119.986,-3.047,0.0192,0.0779,0.0,0.0223,k-pop,False,78,2022
Run BTS,BTS,6/10/2022,439395056.0,71.0,,"2,849,048,545",0.724,0.818,0.696,77.004,-3.747,0.0201,0.168,0.0,0.0358,k-pop,False,84,2022
Backyard Boy,Claire Rosinkranz,8/14/2020,271235105.0,60.0,"89,752,088","2,633,643,813",0.817,0.635,0.454,138.015,-7.246,0.323,0.163,0.0,0.0738,indie-pop,False,71,2020
Bohemian Rhapsody,Queen,11/16/2009,2486908570.0,,"2,036,268,766",,0.39,0.397,0.246,144.031,-9.963,0.287,0.0513,0.0,0.207,rock,False,75,2009
Earth,Lil Dicky,4/18/2019,211158013.0,54.0,"522,628,926","512,503,154",0.694,0.664,0.676,95.941,-4.649,0.639,0.05,0.0,0.0929,comedy,True,40,2019
Ready For Love,BLACKPINK,9/16/2022,115237552.0,55.0,"243,509,528","51,526,563",0.564,0.682,0.551,107.597,-6.688,0.0146,0.113,0.0,0.123,k-pop,False,76,2022
Million Reasons,Lady Gaga,10/6/2016,825465124.0,69.0,"567,425,578","38,088,467",0.666,0.423,0.154,129.893,-8.012,0.494,0.0429,0.0,0.106,dance,False,0,2016
The One That Got Away,Katy Perry,1/1/2010,921351898.0,67.0,"1,126,799,119","397,746,382",0.691,0.795,0.876,133.971,-4.021,0.000812,0.0355,1.02e-06,0.156,dance,False,76,2010
Pano,Zack Tabudlo,12/6/2021,261275106.0,64.0,"212,525,130","582,712,801",0.375,0.457,0.415,174.839,-7.018,0.868,0.0315,0.0145,0.191,acoustic,False,75,2021
Blood Sweat & Tears,BTS,2/13/2017,563366391.0,43.0,"1,138,081,643","247,725,561",0.584,0.885,0.605,92.9,-3.571,0.0244,0.104,0.0,0.357,k-pop,False,75,2017
Love Shot,EXO,12/13/2018,358620184.0,65.0,"710,463,080","456,814,795",0.689,0.678,0.335,145.883,-4.287,0.0702,0.119,0.0,0.0889,k-pop,False,74,2018
Have You Ever Seen The Rain,Creedence Clearwater Revival,6/30/2023,,,,,0.741,0.697,0.774,116.109,-7.03,0.0665,0.0277,2.35e-05,0.133,country,False,1,2023
Remember That Night?,Sara Kays,11/6/2020,363510259.0,68.0,"45,636,634","907,351,760",0.679,0.61,0.554,123.978,-10.936,0.585,0.0305,9.51e-05,0.156,indie-pop,False,76,2020
Ocean Drive,Duke Dumont,7/31/2015,624262344.0,68.0,"139,990,813","61,873,397",0.67,0.776,0.624,115.034,-4.091,0.00388,0.047,0.000189,0.122,edm,False,0,2015
Feel Special,TWICE,9/23/2019,361382812.0,64.0,"607,728,749","277,620,586",0.708,0.959,0.644,128.981,-1.338,0.0296,0.0604,0.00188,0.107,k-pop,False,72,2019
To the Bone,Pamungkas,6/14/2019,442614126.0,72.0,"461,577,619","1,424,731,067",0.668,0.727,0.939,139.991,-6.55,0.514,0.027,1.9e-05,0.1,singer-songwriter,False,78,2019
Smoke Gets in Your Eyes,The Platters,4/12/2024,106782384.0,,,,0.203,0.295,0.285,171.222,-11.155,0.92,0.0323,2.05e-06,0.173,rock-n-roll,False,65,2024
NUMB,XXXTENTACION,3/16/2018,510136819.0,67.0,"201,406,793","202,031,125",0.414,0.416,0.196,159.91,-8.024,0.1,0.0251,0.179,0.131,emo,False,75,2018
The Scientist,Coldplay,8/5/2002,1903413912.0,79.0,"1,864,046,384","481,408,577",0.557,0.442,0.213,146.277,-7.224,0.731,0.0243,1.46e-05,0.11,pop,False,2,2002
DEUTSCHLAND,Rammstein,3/28/2019,460008347.0,71.0,"370,078,966","46,078,194",0.521,0.895,0.237,120.117,-5.242,5.54e-05,0.0442,0.349,0.0985,alt-rock,False,77,2019
vice city,XXXTENTACION,1/28/2022,111369377.0,64.0,"100,696,513","198,631",0.853,0.467,0.329,87.023,-6.843,0.00596,0.195,0.00171,0.203,emo,True,72,2022
SOLO,JENNIE,11/12/2018,622229689.0,67.0,"449,312,389","1,166,486,496",0.752,0.642,0.388,95.043,-5.165,0.0861,0.0869,0.0,0.0953,k-pop,False,73,2018
Jefe,Ninho,12/3/2021,154120297.0,61.0,"152,723,183","204,594,753",0.648,0.599,0.213,120.985,-8.611,0.474,0.0799,6.81e-06,0.121,french,True,74,2021
do re mi,blackbear,3/18/2017,619655619.0,63.0,"324,660,885","42,240,263",0.745,0.593,0.17,111.001,-6.35,0.00522,0.0524,5.06e-06,0.123,electro,True,73,2017
"You're Gonna Go Far, Kid",The Offspring,6/12/2008,968810827.0,77.0,"336,220,628","47,328,081",0.55,0.917,0.601,126.115,-3.159,0.00428,0.0638,0.0,0.197,alt-rock,True,81,2008
Unsteady,X Ambassadors,1/28/2014,663939688.0,67.0,"462,058,635","215,796,397",0.389,0.665,0.199,117.055,-6.169,0.178,0.0644,0.000732,0.116,alt-rock,False,74,2014
Chamber Of Reflection,Mac DeMarco,3/28/2014,728140057.0,74.0,"251,014,567","918,538,689",0.538,0.557,0.506,131.03,-8.678,0.262,0.0914,0.914,0.102,edm,False,82,2014
Tighten Up,The Black Keys,12/18/2020,248857241.0,56.0,,,0.517,0.711,0.582,108.846,-5.84,0.000763,0.0627,7.15e-06,0.568,blues,False,61,2020
CAN'T SAY,Travis Scott,8/3/2018,601202311.0,72.0,"183,455,907","75,889,595",0.702,0.708,0.713,147.98,-5.366,0.201,0.0547,0.0,0.118,house,True,76,2018
Gentleman,PSY,1/1/2013,119666188.0,54.0,"1,772,780,483","33,894,220",0.878,0.723,0.619,126.01,-3.334,0.00227,0.102,0.0,0.0516,k-pop,False,50,2013
Everybody Talks,Neon Trees,12/19/2011,836267192.0,74.0,"128,528,493","271,659,950",0.471,0.924,0.725,154.961,-3.906,0.00301,0.0586,0.0,0.313,alt-rock,False,80,2011
Temporary pyar,Kaka,9/4/2021,38264355.0,53.0,"451,922,405","4,585",0.531,0.79,0.339,79.942,-7.213,0.281,0.234,0.0,0.301,pop,False,65,2021
Dueles,Jesse & Joy,12/4/2015,563467499.0,72.0,"1,000,321,872","490,277,819",0.531,0.834,0.527,142.041,-3.944,0.277,0.052,0.0,0.132,latin,False,7,2015
YOSEMITE,Travis Scott,8/3/2018,646744185.0,68.0,"161,578,216","25,055,075",0.785,0.554,0.144,128.047,-6.571,0.283,0.0409,3.4e-06,0.116,house,True,75,2018
Pretty Savage,BLACKPINK,10/2/2020,435823355.0,64.0,"284,536,285","1,021,702,238",0.699,0.588,0.35,151.971,-6.533,0.00807,0.0402,0.000131,0.107,k-pop,False,71,2020
"Mann Bharryaa 2.0 (From ""Shershaah"")",B Praak,8/15/2021,149351877.0,61.0,"365,670,176","60,033,835",0.428,0.467,0.193,90.831,-4.904,0.68,0.0327,0.0,0.135,pop,False,69,2021
Feel So Close - Radio Edit,Calvin Harris,1/1/2011,991382346.0,79.0,"7,412,771","502,553,641",0.707,0.924,0.919,127.937,-2.842,0.000972,0.031,0.00703,0.204,electro,False,80,2011
Young,Vacations,12/9/2016,597591280.0,74.0,"105,282,082","1,487,039,791",0.498,0.81,0.594,79.935,-4.065,0.00392,0.0263,0.00717,0.0635,indie,False,83,2016
MALA SANTA,Becky G,10/11/2019,189969086.0,54.0,"474,789,534","252,838,869",0.851,0.701,0.527,98.039,-3.649,0.311,0.0396,0.000211,0.163,reggaeton,False,65,2019
Renegades,X Ambassadors,3/17/2015,785571181.0,70.0,"492,974,141","74,904,030",0.526,0.862,0.528,90.052,-6.003,0.0144,0.0905,0.0597,0.229,alt-rock,False,76,2015
Snow (Hey Oh),Red Hot Chili Peppers,5/9/2006,1070374387.0,74.0,"710,124,074","835,564,684",0.427,0.9,0.599,104.655,-3.674,0.116,0.0499,1.75e-05,0.119,alt-rock,False,80,2006
You should be sad,Halsey,11/8/2019,557921212.0,64.0,"61,717,959","41,811,499",0.591,0.585,0.324,110.94,-6.35,0.143,0.0277,0.0,0.109,electro,True,73,2019
Sing Me to Sleep,Alan Walker,1/1/2016,381501023.0,56.0,"933,353,581","133,544,796",0.474,0.622,0.158,176.062,-6.381,0.0129,0.061,3.82e-06,0.327,electro,False,66,2016
Ex's & Oh's,Elle King,1/1/2014,501915477.0,66.0,"317,068,971","29,687,816",0.612,0.921,0.446,139.988,-2.882,0.0183,0.085,0.0,0.0576,blues,False,73,2014
Way Back Home,SHAUN,6/27/2018,211581810.0,63.0,"137,544,172","3,149,064,834",0.745,0.739,0.556,99.913,-4.591,0.405,0.0327,0.000183,0.127,k-pop,False,71,2018
NDA,Billie Eilish,7/9/2021,333792226.0,70.0,"82,079,675","536,488,373",0.765,0.373,0.554,85.016,-9.921,0.341,0.0713,0.525,0.112,electro,True,77,2021
A Ella,KAROL G,5/5/2017,365062854.0,71.0,"893,949,453","109,160,109",0.73,0.769,0.594,181.988,-4.936,0.244,0.178,2.06e-05,0.136,reggae,False,3,2017
Who's Laughing Now,Ava Max,7/30/2020,218674366.0,57.0,"242,536,989","72,001,415",0.648,0.641,0.505,184.021,-5.521,0.00565,0.0389,3.63e-06,0.109,dance,False,2,2020
In the morning,ITZY,4/30/2021,205110323.0,60.0,"371,693,639","550,643,662",0.846,0.814,0.722,140.055,-4.685,0.0823,0.149,0.00094,0.13,k-pop,False,72,2021
SEJODIOTO,KAROL G,9/21/2021,350738636.0,66.0,"154,323,126","351,428,481",0.822,0.736,0.679,175.93,-3.969,0.157,0.15,0.000781,0.0748,reggae,True,0,2021
Country Girl (Shake It For Me),Luke Bryan,1/1/2011,464203349.0,70.0,"192,327,944","136,935,165",0.644,0.904,0.672,105.969,-4.532,0.0295,0.0464,0.0,0.0834,country,False,2,2011
Stupid Love,Lady Gaga,2/28/2020,377746254.0,62.0,"192,582,605","102,362,534",0.68,0.825,0.784,117.987,-4.296,0.00173,0.0702,0.000122,0.27,dance,False,0,2020
Doin' Time,Lana Del Rey,8/30/2019,680707791.0,74.0,"48,297,331","184,535,006",0.641,0.559,0.523,144.982,-11.132,0.404,0.0355,0.00402,0.0937,pop,True,0,2019
Come & Get It,Selena Gomez,1/1/2013,412118303.0,64.0,"863,861,067","931,798,909",0.552,0.783,0.575,79.984,-4.138,0.00887,0.0504,0.00026,0.0954,dance,False,0,2013
I.F.L.Y.,Bazzi,7/18/2019,593718503.0,65.0,"229,847,460","728,210,556",0.812,0.519,0.554,104.954,-4.823,0.379,0.0385,0.0,0.13,electro,True,74,2019
my future,Billie Eilish,7/30/2020,461892532.0,64.0,"175,821,589","123,540,119",0.444,0.309,0.0875,104.745,-10.956,0.795,0.062,0.132,0.352,electro,False,72,2020
God is a woman,Ariana Grande,7/13/2018,1064927546.0,70.0,"120,105,486","2,480,889",0.602,0.658,0.268,145.031,-5.934,0.0233,0.0558,6e-05,0.237,dance,True,80,2018
Tera Fitoor,Arijit Singh,7/12/2018,108748134.0,68.0,"900,050,812","331,691",0.576,0.688,0.726,135.984,-5.136,0.346,0.0319,0.0439,0.262,pop-film,False,66,2018
Traicionera,Sebastian Yatra,6/24/2016,650511999.0,67.0,"795,920,437","60,797,733",0.779,0.675,0.63,91.006,-4.976,0.138,0.0485,0.0,0.105,reggae,False,4,2016
Kokomo,The Beach Boys,6/17/2022,271362772.0,25.0,,,0.682,0.635,0.927,115.584,-10.05,0.00863,0.0346,0.0,0.137,psych-rock,False,71,2022
Fuentes de Ortiz,Ed Maverick,3/2/2018,583209382.0,71.0,"561,013,544","187,698,778",0.83,0.159,0.189,104.95,-14.461,0.946,0.0383,2.02e-05,0.362,indie,True,0,2018
MEMORIES!,347aidan,6/18/2021,225962467.0,62.0,"25,819,662","421,102,345",0.835,0.381,0.31,154.973,-6.121,0.757,0.342,4.59e-06,0.121,sad,False,76,2021
Morado,J Balvin,1/9/2020,485274842.0,58.0,"257,045,287","96,188,508",0.881,0.696,0.781,97.002,-3.838,0.136,0.0797,4.06e-05,0.0927,latin,False,2,2020
Dil Meri Na Sune,Atif Aslam,7/27/2018,52282360.0,56.0,"943,920,245","19,935",0.574,0.729,0.47,163.748,-4.2,0.349,0.0473,1.85e-06,0.664,pop-film,False,62,2018
